-- phpMyAdmin SQL Dump
-- version 5.1.3
-- https://www.phpmyadmin.net/
--
-- Host: localhost
-- Generation Time: Apr 30, 2023 at 07:43 AM
-- Server version: 10.4.21-MariaDB
-- PHP Version: 7.4.28

SET SQL_MODE = "NO_AUTO_VALUE_ON_ZERO";
START TRANSACTION;
SET time_zone = "+00:00";


/*!40101 SET @OLD_CHARACTER_SET_CLIENT=@@CHARACTER_SET_CLIENT */;
/*!40101 SET @OLD_CHARACTER_SET_RESULTS=@@CHARACTER_SET_RESULTS */;
/*!40101 SET @OLD_COLLATION_CONNECTION=@@COLLATION_CONNECTION */;
/*!40101 SET NAMES utf8mb4 */;

--
-- Database: `max_success`
--

-- --------------------------------------------------------

--
-- Table structure for table `agent_lists`
--

CREATE TABLE `agent_lists` (
  `id` int(10) UNSIGNED NOT NULL,
  `name` text COLLATE utf8mb4_unicode_ci DEFAULT NULL,
  `email` text COLLATE utf8mb4_unicode_ci DEFAULT NULL,
  `phone` text COLLATE utf8mb4_unicode_ci DEFAULT NULL,
  `address` text COLLATE utf8mb4_unicode_ci DEFAULT NULL,
  `created_at` timestamp NULL DEFAULT NULL,
  `updated_at` timestamp NULL DEFAULT NULL,
  `agent_code` text COLLATE utf8mb4_unicode_ci DEFAULT NULL,
  `nrc` text COLLATE utf8mb4_unicode_ci DEFAULT NULL,
  `nrc_front` text COLLATE utf8mb4_unicode_ci DEFAULT NULL,
  `nrc_back` text COLLATE utf8mb4_unicode_ci DEFAULT NULL,
  `region_id` text COLLATE utf8mb4_unicode_ci DEFAULT NULL,
  `township_id` text COLLATE utf8mb4_unicode_ci DEFAULT NULL,
  `remark` text COLLATE utf8mb4_unicode_ci DEFAULT NULL,
  `add_user_id` text COLLATE utf8mb4_unicode_ci DEFAULT NULL,
  `join_date` text COLLATE utf8mb4_unicode_ci DEFAULT NULL,
  `photo` text COLLATE utf8mb4_unicode_ci DEFAULT NULL,
  `nrc_code` text COLLATE utf8mb4_unicode_ci DEFAULT NULL,
  `nrc_name` text COLLATE utf8mb4_unicode_ci DEFAULT NULL,
  `nrc_type` text COLLATE utf8mb4_unicode_ci DEFAULT NULL,
  `nrc_number` text COLLATE utf8mb4_unicode_ci DEFAULT NULL
) ENGINE=InnoDB DEFAULT CHARSET=utf8mb4 COLLATE=utf8mb4_unicode_ci;

--
-- Dumping data for table `agent_lists`
--

INSERT INTO `agent_lists` (`id`, `name`, `email`, `phone`, `address`, `created_at`, `updated_at`, `agent_code`, `nrc`, `nrc_front`, `nrc_back`, `region_id`, `township_id`, `remark`, `add_user_id`, `join_date`, `photo`, `nrc_code`, `nrc_name`, `nrc_type`, `nrc_number`) VALUES
(1, 'Ko Kaung Htet San', 'phesin@gmail.com', '+959962205555', 'Yangon', '2023-04-03 22:44:00', '2023-04-25 23:50:16', 'NGW-SA-0001', '14/PaTaNa(N)214259', 'public/agents/kL4qxFhJVXt7bsssMc8P16Qngsf80fCNZzD8KJeZ.jpg', 'public/agents/Z3q6Wg7PR93ffHtUkt4Nqdd6cwlu44HpfYDvcyL9.jpg', '2', '47', 'Yangon', '1', '20.09.2022', '', '14', 'PaTaNa', '(N)', '214259'),
(2, 'Mg Mg', 'mgmg@gmail.com', '09555161776', 'Yangon', '2023-04-25 22:51:45', '2023-04-25 22:51:45', 'NGW-SA-0002', '1/KhaPhaNa(N)332334', '', '', '1', '3', 'Yangon Remark Test', '1', '1.1.2023', '', '1', 'KhaPhaNa', '(N)', '332334');

-- --------------------------------------------------------

--
-- Table structure for table `authentication_log`
--

CREATE TABLE `authentication_log` (
  `id` bigint(20) UNSIGNED NOT NULL,
  `authenticatable_type` varchar(255) COLLATE utf8mb4_unicode_ci NOT NULL,
  `authenticatable_id` bigint(20) UNSIGNED NOT NULL,
  `ip_address` varchar(45) COLLATE utf8mb4_unicode_ci DEFAULT NULL,
  `user_agent` text COLLATE utf8mb4_unicode_ci DEFAULT NULL,
  `login_at` timestamp NULL DEFAULT NULL,
  `login_successful` tinyint(1) NOT NULL DEFAULT 0,
  `logout_at` timestamp NULL DEFAULT NULL,
  `cleared_by_user` tinyint(1) NOT NULL DEFAULT 0,
  `location` longtext CHARACTER SET utf8mb4 COLLATE utf8mb4_bin DEFAULT NULL
) ENGINE=InnoDB DEFAULT CHARSET=utf8mb4 COLLATE=utf8mb4_unicode_ci;

--
-- Dumping data for table `authentication_log`
--

INSERT INTO `authentication_log` (`id`, `authenticatable_type`, `authenticatable_id`, `ip_address`, `user_agent`, `login_at`, `login_successful`, `logout_at`, `cleared_by_user`, `location`) VALUES
(1, 'App\\Models\\User', 1, '127.0.0.1', 'Mozilla/5.0 (Macintosh; Intel Mac OS X 10_15_7) AppleWebKit/537.36 (KHTML, like Gecko) Chrome/110.0.0.0 Safari/537.36', '2023-03-13 22:47:46', 1, '2023-03-13 22:48:26', 0, '{\"ip\":\"127.0.0.0\",\"iso_code\":\"US\",\"country\":\"United States\",\"city\":\"New Haven\",\"state\":\"CT\",\"state_name\":\"Connecticut\",\"postal_code\":\"06510\",\"lat\":41.31,\"lon\":-72.92,\"timezone\":\"America\\/New_York\",\"continent\":\"NA\",\"currency\":\"USD\",\"default\":true,\"cached\":false}'),
(2, 'App\\Models\\User', 1, '127.0.0.1', 'Mozilla/5.0 (Macintosh; Intel Mac OS X 10_15_7) AppleWebKit/537.36 (KHTML, like Gecko) Chrome/110.0.0.0 Safari/537.36', '2023-03-13 22:48:30', 1, NULL, 0, '{\"ip\":\"127.0.0.0\",\"iso_code\":\"US\",\"country\":\"United States\",\"city\":\"New Haven\",\"state\":\"CT\",\"state_name\":\"Connecticut\",\"postal_code\":\"06510\",\"lat\":41.31,\"lon\":-72.92,\"timezone\":\"America\\/New_York\",\"continent\":\"NA\",\"currency\":\"USD\",\"default\":true,\"cached\":false}'),
(3, 'App\\Models\\User', 1, '127.0.0.1', 'Mozilla/5.0 (Macintosh; Intel Mac OS X 10_15_7) AppleWebKit/537.36 (KHTML, like Gecko) Chrome/111.0.0.0 Safari/537.36', '2023-03-14 00:17:54', 1, '2023-03-14 00:20:46', 0, '{\"ip\":\"127.0.0.0\",\"iso_code\":\"US\",\"country\":\"United States\",\"city\":\"New Haven\",\"state\":\"CT\",\"state_name\":\"Connecticut\",\"postal_code\":\"06510\",\"lat\":41.31,\"lon\":-72.92,\"timezone\":\"America\\/New_York\",\"continent\":\"NA\",\"currency\":\"USD\",\"default\":true,\"cached\":false}'),
(4, 'App\\Models\\User', 1, '127.0.0.1', 'Mozilla/5.0 (Macintosh; Intel Mac OS X 10_15_7) AppleWebKit/537.36 (KHTML, like Gecko) Chrome/111.0.0.0 Safari/537.36', '2023-03-14 00:20:51', 1, '2023-03-14 00:21:20', 0, '{\"ip\":\"127.0.0.0\",\"iso_code\":\"US\",\"country\":\"United States\",\"city\":\"New Haven\",\"state\":\"CT\",\"state_name\":\"Connecticut\",\"postal_code\":\"06510\",\"lat\":41.31,\"lon\":-72.92,\"timezone\":\"America\\/New_York\",\"continent\":\"NA\",\"currency\":\"USD\",\"default\":true,\"cached\":false}'),
(5, 'App\\Models\\User', 1, '127.0.0.1', 'Mozilla/5.0 (Macintosh; Intel Mac OS X 10_15_7) AppleWebKit/537.36 (KHTML, like Gecko) Chrome/111.0.0.0 Safari/537.36', '2023-03-14 00:21:25', 1, NULL, 0, '{\"ip\":\"127.0.0.0\",\"iso_code\":\"US\",\"country\":\"United States\",\"city\":\"New Haven\",\"state\":\"CT\",\"state_name\":\"Connecticut\",\"postal_code\":\"06510\",\"lat\":41.31,\"lon\":-72.92,\"timezone\":\"America\\/New_York\",\"continent\":\"NA\",\"currency\":\"USD\",\"default\":true,\"cached\":false}'),
(6, 'App\\Models\\User', 1, '69.160.27.186', 'Mozilla/5.0 (Macintosh; Intel Mac OS X 10_15_7) AppleWebKit/537.36 (KHTML, like Gecko) Chrome/111.0.0.0 Safari/537.36', NULL, 0, '2023-03-14 00:30:47', 0, NULL),
(7, 'App\\Models\\User', 1, '69.160.27.186', 'Mozilla/5.0 (Macintosh; Intel Mac OS X 10_15_7) AppleWebKit/537.36 (KHTML, like Gecko) Chrome/111.0.0.0 Safari/537.36', '2023-03-14 00:30:53', 1, '2023-03-14 00:32:16', 0, '{\"ip\":\"69.160.27.186\",\"iso_code\":\"MM\",\"country\":\"Myanmar\",\"city\":\"Yangon\",\"state\":\"06\",\"state_name\":\"Yangon\",\"postal_code\":\"\",\"lat\":16.79639999999999844249032321386039257049560546875,\"lon\":96.1667000000000058435034588910639286041259765625,\"timezone\":\"Asia\\/Yangon\",\"continent\":\"Unknown\",\"currency\":\"MMK\",\"default\":false}'),
(8, 'App\\Models\\User', 1, '69.160.27.186', 'Mozilla/5.0 (Macintosh; Intel Mac OS X 10_15_7) AppleWebKit/537.36 (KHTML, like Gecko) Chrome/111.0.0.0 Safari/537.36', '2023-03-14 00:32:28', 1, '2023-03-14 00:34:11', 0, '{\"ip\":\"69.160.27.186\",\"iso_code\":\"MM\",\"country\":\"Myanmar\",\"city\":\"Yangon\",\"state\":\"06\",\"state_name\":\"Yangon\",\"postal_code\":\"\",\"lat\":16.79639999999999844249032321386039257049560546875,\"lon\":96.1667000000000058435034588910639286041259765625,\"timezone\":\"Asia\\/Yangon\",\"continent\":\"Unknown\",\"currency\":\"MMK\",\"default\":false}'),
(9, 'App\\Models\\User', 1, '69.160.27.186', 'Mozilla/5.0 (Macintosh; Intel Mac OS X 10_15_7) AppleWebKit/537.36 (KHTML, like Gecko) Chrome/111.0.0.0 Safari/537.36', '2023-03-14 00:34:30', 1, NULL, 0, '{\"ip\":\"69.160.27.186\",\"iso_code\":\"MM\",\"country\":\"Myanmar\",\"city\":\"Yangon\",\"state\":\"06\",\"state_name\":\"Yangon\",\"postal_code\":\"\",\"lat\":16.79639999999999844249032321386039257049560546875,\"lon\":96.1667000000000058435034588910639286041259765625,\"timezone\":\"Asia\\/Yangon\",\"continent\":\"Unknown\",\"currency\":\"MMK\",\"default\":false}'),
(10, 'App\\Models\\User', 1, '69.160.27.186', 'Mozilla/5.0 (Macintosh; Intel Mac OS X 10_15_7) AppleWebKit/537.36 (KHTML, like Gecko) Chrome/111.0.0.0 Safari/537.36', '2023-03-14 02:53:28', 1, NULL, 0, '{\"ip\":\"69.160.27.186\",\"iso_code\":\"MM\",\"country\":\"Myanmar\",\"city\":\"Yangon\",\"state\":\"06\",\"state_name\":\"Yangon\",\"postal_code\":\"\",\"lat\":16.79639999999999844249032321386039257049560546875,\"lon\":96.1667000000000058435034588910639286041259765625,\"timezone\":\"Asia\\/Yangon\",\"continent\":\"Unknown\",\"currency\":\"MMK\",\"default\":false}'),
(11, 'App\\Models\\User', 1, '103.61.8.40', 'Mozilla/5.0 (Macintosh; Intel Mac OS X 10_15_7) AppleWebKit/537.36 (KHTML, like Gecko) Chrome/111.0.0.0 Safari/537.36', NULL, 0, '2023-03-14 03:14:05', 0, NULL),
(12, 'App\\Models\\User', 1, '103.61.8.40', 'Mozilla/5.0 (Macintosh; Intel Mac OS X 10_15_7) AppleWebKit/537.36 (KHTML, like Gecko) Chrome/111.0.0.0 Safari/537.36', '2023-03-14 03:14:18', 1, NULL, 0, '{\"ip\":\"103.61.8.40\",\"iso_code\":\"MM\",\"country\":\"Myanmar\",\"city\":\"Yangon\",\"state\":\"06\",\"state_name\":\"Yangon\",\"postal_code\":\"\",\"lat\":16.79639999999999844249032321386039257049560546875,\"lon\":96.1667000000000058435034588910639286041259765625,\"timezone\":\"Asia\\/Yangon\",\"continent\":\"Unknown\",\"currency\":\"MMK\",\"default\":false}'),
(13, 'App\\Models\\User', 1, '69.160.27.186', 'Mozilla/5.0 (Windows NT 10.0; Win64; x64) AppleWebKit/537.36 (KHTML, like Gecko) Chrome/110.0.0.0 Safari/537.36', '2023-03-14 03:14:51', 1, NULL, 0, '{\"ip\":\"69.160.27.186\",\"iso_code\":\"MM\",\"country\":\"Myanmar\",\"city\":\"Yangon\",\"state\":\"06\",\"state_name\":\"Yangon\",\"postal_code\":\"\",\"lat\":16.79639999999999844249032321386039257049560546875,\"lon\":96.1667000000000058435034588910639286041259765625,\"timezone\":\"Asia\\/Yangon\",\"continent\":\"Unknown\",\"currency\":\"MMK\",\"default\":false}'),
(14, 'App\\Models\\User', 1, '103.61.8.40', 'Mozilla/5.0 (Windows NT 10.0; Win64; x64) AppleWebKit/537.36 (KHTML, like Gecko) Chrome/111.0.0.0 Safari/537.36 Edg/111.0.1661.41', '2023-03-14 03:14:55', 1, NULL, 0, '{\"ip\":\"103.61.8.40\",\"iso_code\":\"MM\",\"country\":\"Myanmar\",\"city\":\"Yangon\",\"state\":\"06\",\"state_name\":\"Yangon\",\"postal_code\":\"\",\"lat\":16.79639999999999844249032321386039257049560546875,\"lon\":96.1667000000000058435034588910639286041259765625,\"timezone\":\"Asia\\/Yangon\",\"continent\":\"Unknown\",\"currency\":\"MMK\",\"default\":false}'),
(15, 'App\\Models\\User', 1, '103.61.8.40', 'Mozilla/5.0 (Macintosh; Intel Mac OS X 10_15_7) AppleWebKit/537.36 (KHTML, like Gecko) Chrome/111.0.0.0 Safari/537.36', '2023-03-14 03:15:30', 1, NULL, 0, '{\"ip\":\"103.61.8.40\",\"iso_code\":\"MM\",\"country\":\"Myanmar\",\"city\":\"Yangon\",\"state\":\"06\",\"state_name\":\"Yangon\",\"postal_code\":\"\",\"lat\":16.79639999999999844249032321386039257049560546875,\"lon\":96.1667000000000058435034588910639286041259765625,\"timezone\":\"Asia\\/Yangon\",\"continent\":\"Unknown\",\"currency\":\"MMK\",\"default\":false}'),
(16, 'App\\Models\\User', 1, '103.61.8.40', 'Mozilla/5.0 (Windows NT 10.0; Win64; x64) AppleWebKit/537.36 (KHTML, like Gecko) Chrome/110.0.0.0 Safari/537.36', '2023-03-14 03:15:34', 1, NULL, 0, '{\"ip\":\"103.61.8.40\",\"iso_code\":\"MM\",\"country\":\"Myanmar\",\"city\":\"Yangon\",\"state\":\"06\",\"state_name\":\"Yangon\",\"postal_code\":\"\",\"lat\":16.79639999999999844249032321386039257049560546875,\"lon\":96.1667000000000058435034588910639286041259765625,\"timezone\":\"Asia\\/Yangon\",\"continent\":\"Unknown\",\"currency\":\"MMK\",\"default\":false}'),
(17, 'App\\Models\\User', 1, '104.28.219.156', 'Mozilla/5.0 (Macintosh; Intel Mac OS X 10_15_7) AppleWebKit/537.36 (KHTML, like Gecko) Chrome/111.0.0.0 Safari/537.36', '2023-03-14 03:16:06', 1, NULL, 0, '{\"ip\":\"104.28.219.156\",\"iso_code\":\"MM\",\"country\":\"Myanmar\",\"city\":\"Mandalay\",\"state\":\"04\",\"state_name\":\"Mandalay Region\",\"postal_code\":\"\",\"lat\":21.9746999999999985675458447076380252838134765625,\"lon\":96.0836000000000041154635255225002765655517578125,\"timezone\":\"Asia\\/Yangon\",\"continent\":\"Unknown\",\"currency\":\"MMK\",\"default\":false}'),
(18, 'App\\Models\\User', 1, '104.28.251.156', 'Mozilla/5.0 (Macintosh; Intel Mac OS X 10_15_7) AppleWebKit/537.36 (KHTML, like Gecko) Chrome/111.0.0.0 Safari/537.36', '2023-03-14 03:16:30', 1, NULL, 0, '{\"ip\":\"104.28.251.156\",\"iso_code\":\"MM\",\"country\":\"Myanmar\",\"city\":\"Mandalay\",\"state\":\"04\",\"state_name\":\"Mandalay Region\",\"postal_code\":\"\",\"lat\":21.9746999999999985675458447076380252838134765625,\"lon\":96.0836000000000041154635255225002765655517578125,\"timezone\":\"Asia\\/Yangon\",\"continent\":\"Unknown\",\"currency\":\"MMK\",\"default\":false}'),
(19, 'App\\Models\\User', 1, '104.28.251.154', 'Mozilla/5.0 (Macintosh; Intel Mac OS X 10_15_7) AppleWebKit/537.36 (KHTML, like Gecko) Chrome/111.0.0.0 Safari/537.36', '2023-03-14 03:17:10', 1, NULL, 0, '{\"ip\":\"104.28.251.154\",\"iso_code\":\"MM\",\"country\":\"Myanmar\",\"city\":\"Mandalay\",\"state\":\"04\",\"state_name\":\"Mandalay Region\",\"postal_code\":\"\",\"lat\":21.9746999999999985675458447076380252838134765625,\"lon\":96.0836000000000041154635255225002765655517578125,\"timezone\":\"Asia\\/Yangon\",\"continent\":\"Unknown\",\"currency\":\"MMK\",\"default\":false}'),
(20, 'App\\Models\\User', 1, '103.61.8.40', 'Mozilla/5.0 (Windows NT 10.0; Win64; x64) AppleWebKit/537.36 (KHTML, like Gecko) Chrome/111.0.0.0 Safari/537.36 Edg/111.0.1661.41', '2023-03-14 03:17:22', 1, NULL, 0, '{\"ip\":\"103.61.8.40\",\"iso_code\":\"MM\",\"country\":\"Myanmar\",\"city\":\"Yangon\",\"state\":\"06\",\"state_name\":\"Yangon\",\"postal_code\":\"\",\"lat\":16.79639999999999844249032321386039257049560546875,\"lon\":96.1667000000000058435034588910639286041259765625,\"timezone\":\"Asia\\/Yangon\",\"continent\":\"Unknown\",\"currency\":\"MMK\",\"default\":false}'),
(21, 'App\\Models\\User', 1, '69.160.27.186', 'Mozilla/5.0 (Macintosh; Intel Mac OS X 10_15_7) AppleWebKit/537.36 (KHTML, like Gecko) Chrome/111.0.0.0 Safari/537.36', '2023-03-14 03:17:37', 1, NULL, 0, '{\"ip\":\"69.160.27.186\",\"iso_code\":\"MM\",\"country\":\"Myanmar\",\"city\":\"Yangon\",\"state\":\"06\",\"state_name\":\"Yangon\",\"postal_code\":\"\",\"lat\":16.79639999999999844249032321386039257049560546875,\"lon\":96.1667000000000058435034588910639286041259765625,\"timezone\":\"Asia\\/Yangon\",\"continent\":\"Unknown\",\"currency\":\"MMK\",\"default\":false}'),
(22, 'App\\Models\\User', 1, '103.231.95.13', 'Mozilla/5.0 (Macintosh; Intel Mac OS X 10_15_7) AppleWebKit/605.1.15 (KHTML, like Gecko) Version/16.3 Safari/605.1.15', '2023-03-14 04:45:03', 1, NULL, 0, '{\"ip\":\"103.231.95.13\",\"iso_code\":\"MM\",\"country\":\"Myanmar\",\"city\":\"Mandalay\",\"state\":\"04\",\"state_name\":\"Mandalay Region\",\"postal_code\":\"\",\"lat\":21.9746999999999985675458447076380252838134765625,\"lon\":96.0836000000000041154635255225002765655517578125,\"timezone\":\"Asia\\/Yangon\",\"continent\":\"Unknown\",\"currency\":\"MMK\",\"default\":false}'),
(23, 'App\\Models\\User', 1, '103.231.95.13', 'Mozilla/5.0 (Macintosh; Intel Mac OS X 10_15_7) AppleWebKit/537.36 (KHTML, like Gecko) Chrome/110.0.0.0 Safari/537.36', '2023-03-14 04:55:06', 1, NULL, 0, '{\"ip\":\"103.231.95.13\",\"iso_code\":\"MM\",\"country\":\"Myanmar\",\"city\":\"Mandalay\",\"state\":\"04\",\"state_name\":\"Mandalay Region\",\"postal_code\":\"\",\"lat\":21.9746999999999985675458447076380252838134765625,\"lon\":96.0836000000000041154635255225002765655517578125,\"timezone\":\"Asia\\/Yangon\",\"continent\":\"Unknown\",\"currency\":\"MMK\",\"default\":false}'),
(24, 'App\\Models\\User', 1, '45.125.5.103', 'Mozilla/5.0 (Linux; Android 11; Mi A3) AppleWebKit/537.36 (KHTML, like Gecko) Chrome/111.0.0.0 Mobile Safari/537.36', '2023-03-14 06:59:27', 0, NULL, 0, '{\"ip\":\"45.125.5.103\",\"iso_code\":\"MM\",\"country\":\"Myanmar\",\"city\":\"Yangon\",\"state\":\"06\",\"state_name\":\"Yangon\",\"postal_code\":\"\",\"lat\":16.79639999999999844249032321386039257049560546875,\"lon\":96.1667000000000058435034588910639286041259765625,\"timezone\":\"Asia\\/Yangon\",\"continent\":\"Unknown\",\"currency\":\"MMK\",\"default\":false}'),
(25, 'App\\Models\\User', 1, '185.177.126.144', 'Mozilla/5.0 (Linux; Android 11; Mi A3) AppleWebKit/537.36 (KHTML, like Gecko) Chrome/111.0.0.0 Mobile Safari/537.36', '2023-03-14 06:59:58', 1, NULL, 0, '{\"ip\":\"185.177.126.144\",\"iso_code\":\"NL\",\"country\":\"Netherlands\",\"city\":\"Naaldwijk\",\"state\":\"ZH\",\"state_name\":\"South Holland\",\"postal_code\":\"2671\",\"lat\":51.99810000000000087538865045644342899322509765625,\"lon\":4.19800000000000039790393202565610408782958984375,\"timezone\":\"Europe\\/Amsterdam\",\"continent\":\"Unknown\",\"currency\":\"EUR\",\"default\":false}'),
(26, 'App\\Models\\User', 1, '45.125.5.103', 'Mozilla/5.0 (iPhone; CPU iPhone OS 15_7 like Mac OS X) AppleWebKit/605.1.15 (KHTML, like Gecko) CriOS/110.0.5481.114 Mobile/15E148 Safari/604.1', '2023-03-14 07:00:29', 1, NULL, 0, '{\"ip\":\"45.125.5.103\",\"iso_code\":\"MM\",\"country\":\"Myanmar\",\"city\":\"Yangon\",\"state\":\"06\",\"state_name\":\"Yangon\",\"postal_code\":\"\",\"lat\":16.79639999999999844249032321386039257049560546875,\"lon\":96.1667000000000058435034588910639286041259765625,\"timezone\":\"Asia\\/Yangon\",\"continent\":\"Unknown\",\"currency\":\"MMK\",\"default\":false}'),
(27, 'App\\Models\\User', 1, '45.125.5.103', 'Mozilla/5.0 (iPhone; CPU iPhone OS 15_7 like Mac OS X) AppleWebKit/605.1.15 (KHTML, like Gecko) CriOS/110.0.5481.114 Mobile/15E148 Safari/604.1', '2023-03-14 07:01:05', 0, NULL, 0, '{\"ip\":\"45.125.5.103\",\"iso_code\":\"MM\",\"country\":\"Myanmar\",\"city\":\"Yangon\",\"state\":\"06\",\"state_name\":\"Yangon\",\"postal_code\":\"\",\"lat\":16.79639999999999844249032321386039257049560546875,\"lon\":96.1667000000000058435034588910639286041259765625,\"timezone\":\"Asia\\/Yangon\",\"continent\":\"Unknown\",\"currency\":\"MMK\",\"default\":false}'),
(28, 'App\\Models\\User', 1, '45.125.5.103', 'Mozilla/5.0 (iPhone; CPU iPhone OS 15_7 like Mac OS X) AppleWebKit/605.1.15 (KHTML, like Gecko) CriOS/110.0.5481.114 Mobile/15E148 Safari/604.1', '2023-03-14 07:01:12', 1, '2023-03-14 07:01:29', 0, '{\"ip\":\"45.125.5.103\",\"iso_code\":\"MM\",\"country\":\"Myanmar\",\"city\":\"Yangon\",\"state\":\"06\",\"state_name\":\"Yangon\",\"postal_code\":\"\",\"lat\":16.79639999999999844249032321386039257049560546875,\"lon\":96.1667000000000058435034588910639286041259765625,\"timezone\":\"Asia\\/Yangon\",\"continent\":\"Unknown\",\"currency\":\"MMK\",\"default\":false}'),
(29, 'App\\Models\\User', 1, '185.177.126.144', 'Mozilla/5.0 (Linux; Android 11; Mi A3) AppleWebKit/537.36 (KHTML, like Gecko) Chrome/111.0.0.0 Mobile Safari/537.36', '2023-03-14 07:01:31', 1, NULL, 0, '{\"ip\":\"185.177.126.144\",\"iso_code\":\"NL\",\"country\":\"Netherlands\",\"city\":\"Naaldwijk\",\"state\":\"ZH\",\"state_name\":\"South Holland\",\"postal_code\":\"2671\",\"lat\":51.99810000000000087538865045644342899322509765625,\"lon\":4.19800000000000039790393202565610408782958984375,\"timezone\":\"Europe\\/Amsterdam\",\"continent\":\"Unknown\",\"currency\":\"EUR\",\"default\":false}'),
(30, 'App\\Models\\User', 1, '45.125.5.103', 'Mozilla/5.0 (iPhone; CPU iPhone OS 15_7 like Mac OS X) AppleWebKit/605.1.15 (KHTML, like Gecko) CriOS/110.0.5481.114 Mobile/15E148 Safari/604.1', '2023-03-14 07:01:38', 1, '2023-03-14 07:01:45', 0, '{\"ip\":\"45.125.5.103\",\"iso_code\":\"MM\",\"country\":\"Myanmar\",\"city\":\"Yangon\",\"state\":\"06\",\"state_name\":\"Yangon\",\"postal_code\":\"\",\"lat\":16.79639999999999844249032321386039257049560546875,\"lon\":96.1667000000000058435034588910639286041259765625,\"timezone\":\"Asia\\/Yangon\",\"continent\":\"Unknown\",\"currency\":\"MMK\",\"default\":false}'),
(31, 'App\\Models\\User', 1, '45.125.5.103', 'Mozilla/5.0 (iPhone; CPU iPhone OS 15_7 like Mac OS X) AppleWebKit/605.1.15 (KHTML, like Gecko) CriOS/110.0.5481.114 Mobile/15E148 Safari/604.1', '2023-03-14 07:02:08', 1, '2023-03-14 07:02:15', 0, '{\"ip\":\"45.125.5.103\",\"iso_code\":\"MM\",\"country\":\"Myanmar\",\"city\":\"Yangon\",\"state\":\"06\",\"state_name\":\"Yangon\",\"postal_code\":\"\",\"lat\":16.79639999999999844249032321386039257049560546875,\"lon\":96.1667000000000058435034588910639286041259765625,\"timezone\":\"Asia\\/Yangon\",\"continent\":\"Unknown\",\"currency\":\"MMK\",\"default\":false}'),
(32, 'App\\Models\\User', 1, '116.202.97.186', 'Mozilla/5.0 (Linux; Android 10; Redmi Note 9 Pro) AppleWebKit/537.36 (KHTML, like Gecko) Chrome/110.0.0.0 Mobile Safari/537.36', '2023-03-14 07:07:04', 1, NULL, 0, '{\"ip\":\"116.202.97.186\",\"iso_code\":\"DE\",\"country\":\"Germany\",\"city\":\"Falkenstein\",\"state\":\"SN\",\"state_name\":\"Saxony\",\"postal_code\":\"08223\",\"lat\":50.47500000000000142108547152020037174224853515625,\"lon\":12.3650000000000002131628207280300557613372802734375,\"timezone\":\"Europe\\/Berlin\",\"continent\":\"Unknown\",\"currency\":\"EUR\",\"default\":false}'),
(33, 'App\\Models\\User', 1, '103.231.95.13', 'Mozilla/5.0 (Macintosh; Intel Mac OS X 10_15_7) AppleWebKit/605.1.15 (KHTML, like Gecko) Version/16.3 Safari/605.1.15', '2023-03-14 07:26:21', 1, NULL, 0, '{\"ip\":\"103.231.95.13\",\"iso_code\":\"MM\",\"country\":\"Myanmar\",\"city\":\"Mandalay\",\"state\":\"04\",\"state_name\":\"Mandalay Region\",\"postal_code\":\"\",\"lat\":21.9746999999999985675458447076380252838134765625,\"lon\":96.0836000000000041154635255225002765655517578125,\"timezone\":\"Asia\\/Yangon\",\"continent\":\"Unknown\",\"currency\":\"MMK\",\"default\":false}'),
(34, 'App\\Models\\User', 1, '45.125.5.180', 'Mozilla/5.0 (Macintosh; Intel Mac OS X 10_15_7) AppleWebKit/537.36 (KHTML, like Gecko) Chrome/111.0.0.0 Safari/537.36', '2023-03-15 19:44:50', 1, NULL, 0, '{\"ip\":\"45.125.5.180\",\"iso_code\":\"MM\",\"country\":\"Myanmar\",\"city\":\"Yangon\",\"state\":\"06\",\"state_name\":\"Yangon\",\"postal_code\":\"\",\"lat\":16.79639999999999844249032321386039257049560546875,\"lon\":96.1667000000000058435034588910639286041259765625,\"timezone\":\"Asia\\/Yangon\",\"continent\":\"Unknown\",\"currency\":\"MMK\",\"default\":false}'),
(35, 'App\\Models\\User', 1, '45.125.5.180', 'Mozilla/5.0 (Macintosh; Intel Mac OS X 10_15_7) AppleWebKit/537.36 (KHTML, like Gecko) Chrome/111.0.0.0 Safari/537.36', '2023-03-15 22:31:47', 1, NULL, 0, '{\"ip\":\"45.125.5.180\",\"iso_code\":\"MM\",\"country\":\"Myanmar\",\"city\":\"Yangon\",\"state\":\"06\",\"state_name\":\"Yangon\",\"postal_code\":\"\",\"lat\":16.79639999999999844249032321386039257049560546875,\"lon\":96.1667000000000058435034588910639286041259765625,\"timezone\":\"Asia\\/Yangon\",\"continent\":\"Unknown\",\"currency\":\"MMK\",\"default\":false}'),
(36, 'App\\Models\\User', 1, '103.231.95.11', 'Mozilla/5.0 (Macintosh; Intel Mac OS X 10_15_7) AppleWebKit/605.1.15 (KHTML, like Gecko) Version/16.3 Safari/605.1.15', '2023-03-17 07:49:37', 1, NULL, 0, '{\"ip\":\"103.231.95.11\",\"iso_code\":\"MM\",\"country\":\"Myanmar\",\"city\":\"Mandalay\",\"state\":\"04\",\"state_name\":\"Mandalay Region\",\"postal_code\":\"\",\"lat\":21.9746999999999985675458447076380252838134765625,\"lon\":96.0836000000000041154635255225002765655517578125,\"timezone\":\"Asia\\/Yangon\",\"continent\":\"Unknown\",\"currency\":\"MMK\",\"default\":false}'),
(37, 'App\\Models\\User', 1, '104.28.251.156', 'Mozilla/5.0 (Windows NT 10.0; Win64; x64) AppleWebKit/537.36 (KHTML, like Gecko) Chrome/111.0.0.0 Safari/537.36 Edg/111.0.1661.44', '2023-03-20 00:41:11', 1, NULL, 0, '{\"ip\":\"104.28.251.156\",\"iso_code\":\"MM\",\"country\":\"Myanmar\",\"city\":\"Mandalay\",\"state\":\"04\",\"state_name\":\"Mandalay Region\",\"postal_code\":\"\",\"lat\":21.9746999999999985675458447076380252838134765625,\"lon\":96.0836000000000041154635255225002765655517578125,\"timezone\":\"Asia\\/Yangon\",\"continent\":\"Unknown\",\"currency\":\"MMK\",\"default\":false}'),
(38, 'App\\Models\\User', 1, '45.125.5.208', 'Mozilla/5.0 (Macintosh; Intel Mac OS X 10_15_7) AppleWebKit/537.36 (KHTML, like Gecko) Chrome/111.0.0.0 Safari/537.36', '2023-03-23 22:27:11', 1, NULL, 0, '{\"ip\":\"45.125.5.208\",\"iso_code\":\"MM\",\"country\":\"Myanmar\",\"city\":\"Yangon\",\"state\":\"06\",\"state_name\":\"Yangon\",\"postal_code\":\"\",\"lat\":16.79639999999999844249032321386039257049560546875,\"lon\":96.1667000000000058435034588910639286041259765625,\"timezone\":\"Asia\\/Yangon\",\"continent\":\"Unknown\",\"currency\":\"MMK\",\"default\":false}'),
(39, 'App\\Models\\User', 1, '45.125.5.208', 'Mozilla/5.0 (Macintosh; Intel Mac OS X 10_15_7) AppleWebKit/537.36 (KHTML, like Gecko) Chrome/111.0.0.0 Safari/537.36', '2023-03-23 22:27:32', 1, NULL, 0, '{\"ip\":\"45.125.5.208\",\"iso_code\":\"MM\",\"country\":\"Myanmar\",\"city\":\"Yangon\",\"state\":\"06\",\"state_name\":\"Yangon\",\"postal_code\":\"\",\"lat\":16.79639999999999844249032321386039257049560546875,\"lon\":96.1667000000000058435034588910639286041259765625,\"timezone\":\"Asia\\/Yangon\",\"continent\":\"Unknown\",\"currency\":\"MMK\",\"default\":false}'),
(40, 'App\\Models\\User', 1, '45.125.5.208', 'Mozilla/5.0 (Macintosh; Intel Mac OS X 10_15_7) AppleWebKit/537.36 (KHTML, like Gecko) Chrome/111.0.0.0 Safari/537.36', '2023-03-23 22:39:26', 1, NULL, 0, '{\"ip\":\"45.125.5.208\",\"iso_code\":\"MM\",\"country\":\"Myanmar\",\"city\":\"Yangon\",\"state\":\"06\",\"state_name\":\"Yangon\",\"postal_code\":\"\",\"lat\":16.79639999999999844249032321386039257049560546875,\"lon\":96.1667000000000058435034588910639286041259765625,\"timezone\":\"Asia\\/Yangon\",\"continent\":\"Unknown\",\"currency\":\"MMK\",\"default\":false}'),
(41, 'App\\Models\\User', 1, '136.228.172.190', 'Mozilla/5.0 (iPhone; CPU iPhone OS 15_7 like Mac OS X) AppleWebKit/605.1.15 (KHTML, like Gecko) CriOS/111.0.5563.72 Mobile/15E148 Safari/604.1', '2023-03-24 04:36:44', 1, NULL, 0, '{\"ip\":\"136.228.172.190\",\"iso_code\":\"MM\",\"country\":\"Myanmar\",\"city\":\"Yangon\",\"state\":\"06\",\"state_name\":\"Yangon\",\"postal_code\":\"\",\"lat\":16.79639999999999844249032321386039257049560546875,\"lon\":96.1667000000000058435034588910639286041259765625,\"timezone\":\"Asia\\/Yangon\",\"continent\":\"Unknown\",\"currency\":\"MMK\",\"default\":false}'),
(42, 'App\\Models\\User', 1, '104.28.219.154', 'Mozilla/5.0 (Windows NT 10.0; Win64; x64) AppleWebKit/537.36 (KHTML, like Gecko) Chrome/111.0.0.0 Safari/537.36 Edg/111.0.1661.51', '2023-03-24 21:33:13', 1, NULL, 0, '{\"ip\":\"104.28.219.154\",\"iso_code\":\"MM\",\"country\":\"Myanmar\",\"city\":\"Mandalay\",\"state\":\"04\",\"state_name\":\"Mandalay Region\",\"postal_code\":\"\",\"lat\":21.9746999999999985675458447076380252838134765625,\"lon\":96.0836000000000041154635255225002765655517578125,\"timezone\":\"Asia\\/Yangon\",\"continent\":\"Unknown\",\"currency\":\"MMK\",\"default\":false}'),
(43, 'App\\Models\\User', 1, '45.125.4.131', 'Mozilla/5.0 (Macintosh; Intel Mac OS X 10_15_7) AppleWebKit/537.36 (KHTML, like Gecko) Chrome/111.0.0.0 Safari/537.36', '2023-03-26 05:45:57', 1, NULL, 0, '{\"ip\":\"45.125.4.131\",\"iso_code\":\"MM\",\"country\":\"Myanmar\",\"city\":\"Yangon\",\"state\":\"06\",\"state_name\":\"Yangon\",\"postal_code\":\"\",\"lat\":16.79639999999999844249032321386039257049560546875,\"lon\":96.1667000000000058435034588910639286041259765625,\"timezone\":\"Asia\\/Yangon\",\"continent\":\"Unknown\",\"currency\":\"MMK\",\"default\":false}'),
(44, 'App\\Models\\User', 1, '104.28.251.156', 'Mozilla/5.0 (Windows NT 10.0; Win64; x64) AppleWebKit/537.36 (KHTML, like Gecko) Chrome/111.0.0.0 Safari/537.36 Edg/111.0.1661.54', '2023-03-26 20:37:38', 1, NULL, 0, '{\"ip\":\"104.28.251.156\",\"iso_code\":\"MM\",\"country\":\"Myanmar\",\"city\":\"Mandalay\",\"state\":\"04\",\"state_name\":\"Mandalay Region\",\"postal_code\":\"\",\"lat\":21.9746999999999985675458447076380252838134765625,\"lon\":96.0836000000000041154635255225002765655517578125,\"timezone\":\"Asia\\/Yangon\",\"continent\":\"Unknown\",\"currency\":\"MMK\",\"default\":false}'),
(45, 'App\\Models\\User', 1, '103.61.8.43', 'Mozilla/5.0 (Windows NT 10.0; Win64; x64) AppleWebKit/537.36 (KHTML, like Gecko) Chrome/111.0.0.0 Safari/537.36 Edg/111.0.1661.54', '2023-03-27 06:02:51', 1, NULL, 0, '{\"ip\":\"103.61.8.43\",\"iso_code\":\"MM\",\"country\":\"Myanmar\",\"city\":\"Yangon\",\"state\":\"06\",\"state_name\":\"Yangon\",\"postal_code\":\"\",\"lat\":16.79639999999999844249032321386039257049560546875,\"lon\":96.1667000000000058435034588910639286041259765625,\"timezone\":\"Asia\\/Yangon\",\"continent\":\"Unknown\",\"currency\":\"MMK\",\"default\":false}'),
(46, 'App\\Models\\User', 1, '103.61.8.43', 'Mozilla/5.0 (Windows NT 10.0; Win64; x64) AppleWebKit/537.36 (KHTML, like Gecko) Chrome/111.0.0.0 Safari/537.36 Edg/111.0.1661.54', '2023-03-27 07:57:10', 1, NULL, 0, '{\"ip\":\"103.61.8.43\",\"iso_code\":\"MM\",\"country\":\"Myanmar\",\"city\":\"Yangon\",\"state\":\"06\",\"state_name\":\"Yangon\",\"postal_code\":\"\",\"lat\":16.79639999999999844249032321386039257049560546875,\"lon\":96.1667000000000058435034588910639286041259765625,\"timezone\":\"Asia\\/Yangon\",\"continent\":\"Unknown\",\"currency\":\"MMK\",\"default\":false}'),
(47, 'App\\Models\\User', 1, '104.28.219.149', 'Mozilla/5.0 (Windows NT 10.0; Win64; x64) AppleWebKit/537.36 (KHTML, like Gecko) Chrome/111.0.0.0 Safari/537.36', '2023-03-27 08:01:22', 1, NULL, 0, '{\"ip\":\"104.28.219.149\",\"iso_code\":\"MM\",\"country\":\"Myanmar\",\"city\":\"Mandalay\",\"state\":\"04\",\"state_name\":\"Mandalay Region\",\"postal_code\":\"\",\"lat\":21.9746999999999985675458447076380252838134765625,\"lon\":96.0836000000000041154635255225002765655517578125,\"timezone\":\"Asia\\/Yangon\",\"continent\":\"Unknown\",\"currency\":\"MMK\",\"default\":false}'),
(48, 'App\\Models\\User', 1, '69.160.27.221', 'Mozilla/5.0 (Macintosh; Intel Mac OS X 10_15_7) AppleWebKit/537.36 (KHTML, like Gecko) Chrome/111.0.0.0 Safari/537.36', '2023-03-27 21:49:49', 1, NULL, 0, '{\"ip\":\"69.160.27.221\",\"iso_code\":\"MM\",\"country\":\"Myanmar\",\"city\":\"Yangon\",\"state\":\"06\",\"state_name\":\"Yangon\",\"postal_code\":\"\",\"lat\":16.79639999999999844249032321386039257049560546875,\"lon\":96.1667000000000058435034588910639286041259765625,\"timezone\":\"Asia\\/Yangon\",\"continent\":\"Unknown\",\"currency\":\"MMK\",\"default\":false}'),
(49, 'App\\Models\\User', 1, '74.50.211.248', 'Mozilla/5.0 (Macintosh; Intel Mac OS X 10_15_7) AppleWebKit/605.1.15 (KHTML, like Gecko) Version/16.3 Safari/605.1.15', '2023-03-29 03:42:17', 1, NULL, 0, '{\"ip\":\"74.50.211.248\",\"iso_code\":\"MM\",\"country\":\"Myanmar\",\"city\":\"Mandalay\",\"state\":\"04\",\"state_name\":\"Mandalay Region\",\"postal_code\":\"\",\"lat\":21.9746999999999985675458447076380252838134765625,\"lon\":96.0836000000000041154635255225002765655517578125,\"timezone\":\"Asia\\/Yangon\",\"continent\":\"Unknown\",\"currency\":\"MMK\",\"default\":false}'),
(50, 'App\\Models\\User', 1, '136.228.172.95', 'Mozilla/5.0 (Linux; Android 11; Mi A3) AppleWebKit/537.36 (KHTML, like Gecko) Chrome/111.0.0.0 Mobile Safari/537.36', '2023-03-29 04:05:30', 1, NULL, 0, '{\"ip\":\"136.228.172.95\",\"iso_code\":\"MM\",\"country\":\"Myanmar\",\"city\":\"Yangon\",\"state\":\"06\",\"state_name\":\"Yangon\",\"postal_code\":\"\",\"lat\":16.79639999999999844249032321386039257049560546875,\"lon\":96.1667000000000058435034588910639286041259765625,\"timezone\":\"Asia\\/Yangon\",\"continent\":\"Unknown\",\"currency\":\"MMK\",\"default\":false}'),
(51, 'App\\Models\\User', 1, '136.228.172.95', 'Mozilla/5.0 (Linux; Android 11; Mi A3) AppleWebKit/537.36 (KHTML, like Gecko) Chrome/111.0.0.0 Mobile Safari/537.36', '2023-03-29 04:06:07', 0, NULL, 0, '{\"ip\":\"136.228.172.95\",\"iso_code\":\"MM\",\"country\":\"Myanmar\",\"city\":\"Yangon\",\"state\":\"06\",\"state_name\":\"Yangon\",\"postal_code\":\"\",\"lat\":16.79639999999999844249032321386039257049560546875,\"lon\":96.1667000000000058435034588910639286041259765625,\"timezone\":\"Asia\\/Yangon\",\"continent\":\"Unknown\",\"currency\":\"MMK\",\"default\":false}'),
(52, 'App\\Models\\User', 1, '136.228.172.95', 'Mozilla/5.0 (Linux; Android 11; Mi A3) AppleWebKit/537.36 (KHTML, like Gecko) Chrome/111.0.0.0 Mobile Safari/537.36', '2023-03-29 04:06:13', 1, NULL, 0, '{\"ip\":\"136.228.172.95\",\"iso_code\":\"MM\",\"country\":\"Myanmar\",\"city\":\"Yangon\",\"state\":\"06\",\"state_name\":\"Yangon\",\"postal_code\":\"\",\"lat\":16.79639999999999844249032321386039257049560546875,\"lon\":96.1667000000000058435034588910639286041259765625,\"timezone\":\"Asia\\/Yangon\",\"continent\":\"Unknown\",\"currency\":\"MMK\",\"default\":false}'),
(53, 'App\\Models\\User', 1, '103.231.95.26', 'Mozilla/5.0 (Macintosh; Intel Mac OS X 10_15_7) AppleWebKit/537.36 (KHTML, like Gecko) Chrome/111.0.0.0 Safari/537.36', '2023-03-29 06:48:19', 1, NULL, 0, '{\"ip\":\"103.231.95.26\",\"iso_code\":\"MM\",\"country\":\"Myanmar\",\"city\":\"Mandalay\",\"state\":\"04\",\"state_name\":\"Mandalay Region\",\"postal_code\":\"\",\"lat\":21.9746999999999985675458447076380252838134765625,\"lon\":96.0836000000000041154635255225002765655517578125,\"timezone\":\"Asia\\/Yangon\",\"continent\":\"Unknown\",\"currency\":\"MMK\",\"default\":false}'),
(54, 'App\\Models\\User', 1, '103.231.95.26', 'Mozilla/5.0 (Macintosh; Intel Mac OS X 10_15_7) AppleWebKit/605.1.15 (KHTML, like Gecko) Version/16.3 Safari/605.1.15', '2023-03-29 06:49:32', 1, NULL, 0, '{\"ip\":\"103.231.95.26\",\"iso_code\":\"MM\",\"country\":\"Myanmar\",\"city\":\"Mandalay\",\"state\":\"04\",\"state_name\":\"Mandalay Region\",\"postal_code\":\"\",\"lat\":21.9746999999999985675458447076380252838134765625,\"lon\":96.0836000000000041154635255225002765655517578125,\"timezone\":\"Asia\\/Yangon\",\"continent\":\"Unknown\",\"currency\":\"MMK\",\"default\":false}'),
(55, 'App\\Models\\User', 1, '103.176.152.43', 'Mozilla/5.0 (iPhone; CPU iPhone OS 16_3_1 like Mac OS X) AppleWebKit/605.1.15 (KHTML, like Gecko)', '2023-03-29 07:00:21', 1, NULL, 0, '{\"ip\":\"103.176.152.43\",\"iso_code\":\"TH\",\"country\":\"Thailand\",\"city\":\"Bangkok\",\"state\":\"10\",\"state_name\":\"Bangkok\",\"postal_code\":\"\",\"lat\":13.756299999999999528199623455293476581573486328125,\"lon\":100.501699999999999590727384202182292938232421875,\"timezone\":\"Asia\\/Bangkok\",\"continent\":\"Unknown\",\"currency\":\"THB\",\"default\":false}'),
(56, 'App\\Models\\User', 1, '136.228.172.14', 'Mozilla/5.0 (iPhone; CPU iPhone OS 16_1_1 like Mac OS X) AppleWebKit/605.1.15 (KHTML, like Gecko) Version/16.1 Mobile/15E148 Safari/604.1', '2023-03-29 07:01:54', 1, NULL, 0, '{\"ip\":\"136.228.172.14\",\"iso_code\":\"MM\",\"country\":\"Myanmar\",\"city\":\"Yangon\",\"state\":\"06\",\"state_name\":\"Yangon\",\"postal_code\":\"\",\"lat\":16.79639999999999844249032321386039257049560546875,\"lon\":96.1667000000000058435034588910639286041259765625,\"timezone\":\"Asia\\/Yangon\",\"continent\":\"Unknown\",\"currency\":\"MMK\",\"default\":false}'),
(57, 'App\\Models\\User', 1, '169.150.218.36', 'Mozilla/5.0 (Linux; Android 11; Mi A3) AppleWebKit/537.36 (KHTML, like Gecko) Chrome/111.0.0.0 Mobile Safari/537.36', '2023-03-29 09:06:47', 1, NULL, 0, '{\"ip\":\"169.150.218.36\",\"iso_code\":\"NL\",\"country\":\"Netherlands\",\"city\":\"Amsterdam\",\"state\":\"NH\",\"state_name\":\"North Holland\",\"postal_code\":\"1012\",\"lat\":52.3759000000000014551915228366851806640625,\"lon\":4.89749999999999996447286321199499070644378662109375,\"timezone\":\"Europe\\/Amsterdam\",\"continent\":\"Unknown\",\"currency\":\"EUR\",\"default\":false}'),
(58, 'App\\Models\\User', 1, '45.125.5.187', 'Mozilla/5.0 (Linux; Android 11; Mi A3) AppleWebKit/537.36 (KHTML, like Gecko) Chrome/111.0.0.0 Mobile Safari/537.36', '2023-03-29 09:07:56', 0, NULL, 0, '{\"ip\":\"45.125.5.187\",\"iso_code\":\"MM\",\"country\":\"Myanmar\",\"city\":\"Yangon\",\"state\":\"06\",\"state_name\":\"Yangon\",\"postal_code\":\"\",\"lat\":16.79639999999999844249032321386039257049560546875,\"lon\":96.1667000000000058435034588910639286041259765625,\"timezone\":\"Asia\\/Yangon\",\"continent\":\"Unknown\",\"currency\":\"MMK\",\"default\":false}'),
(59, 'App\\Models\\User', 1, '45.125.5.187', 'Mozilla/5.0 (Linux; Android 11; Mi A3) AppleWebKit/537.36 (KHTML, like Gecko) Chrome/111.0.0.0 Mobile Safari/537.36', '2023-03-29 09:08:06', 1, NULL, 0, '{\"ip\":\"45.125.5.187\",\"iso_code\":\"MM\",\"country\":\"Myanmar\",\"city\":\"Yangon\",\"state\":\"06\",\"state_name\":\"Yangon\",\"postal_code\":\"\",\"lat\":16.79639999999999844249032321386039257049560546875,\"lon\":96.1667000000000058435034588910639286041259765625,\"timezone\":\"Asia\\/Yangon\",\"continent\":\"Unknown\",\"currency\":\"MMK\",\"default\":false}'),
(60, 'App\\Models\\User', 1, '69.160.14.164', 'Mozilla/5.0 (Macintosh; Intel Mac OS X 10_15_7) AppleWebKit/537.36 (KHTML, like Gecko) Chrome/111.0.0.0 Safari/537.36', '2023-03-29 21:42:23', 1, NULL, 0, '{\"ip\":\"69.160.14.164\",\"iso_code\":\"MM\",\"country\":\"Myanmar\",\"city\":\"Yangon\",\"state\":\"06\",\"state_name\":\"Yangon\",\"postal_code\":\"\",\"lat\":16.79639999999999844249032321386039257049560546875,\"lon\":96.1667000000000058435034588910639286041259765625,\"timezone\":\"Asia\\/Yangon\",\"continent\":\"Unknown\",\"currency\":\"MMK\",\"default\":false}');

-- --------------------------------------------------------

--
-- Table structure for table `contracts`
--

CREATE TABLE `contracts` (
  `id` int(10) UNSIGNED NOT NULL,
  `contract_date` text COLLATE utf8mb4_unicode_ci DEFAULT NULL,
  `contract_male` int(11) DEFAULT NULL,
  `contract_female` int(11) DEFAULT NULL,
  `remark` text COLLATE utf8mb4_unicode_ci DEFAULT NULL,
  `demand_id` int(11) DEFAULT NULL,
  `created_at` timestamp NULL DEFAULT NULL,
  `updated_at` timestamp NULL DEFAULT NULL
) ENGINE=InnoDB DEFAULT CHARSET=utf8mb4 COLLATE=utf8mb4_unicode_ci;

-- --------------------------------------------------------

--
-- Table structure for table `countries`
--

CREATE TABLE `countries` (
  `id` int(10) UNSIGNED NOT NULL,
  `title` text COLLATE utf8mb4_unicode_ci DEFAULT NULL,
  `created_at` timestamp NULL DEFAULT NULL,
  `updated_at` timestamp NULL DEFAULT NULL,
  `image` text COLLATE utf8mb4_unicode_ci DEFAULT NULL,
  `currency_format` text COLLATE utf8mb4_unicode_ci DEFAULT NULL
) ENGINE=InnoDB DEFAULT CHARSET=utf8mb4 COLLATE=utf8mb4_unicode_ci;

--
-- Dumping data for table `countries`
--

INSERT INTO `countries` (`id`, `title`, `created_at`, `updated_at`, `image`, `currency_format`) VALUES
(1, 'Thailand', '2023-01-30 10:38:22', '2023-04-29 03:32:14', 'public/images/SrZnG8BeXf5NocabbYs2G4qDXyESv2THaX0kTmyU.png', 'Thai Baht'),
(2, 'Malaysia', '2023-02-06 11:41:27', '2023-04-29 03:32:25', 'public/images/hRUWIpFkxojT4wvA3Cw4JsoLtYS2mXXeJ4R3gwka.png', 'Ringgit'),
(3, 'Japan', '2023-02-06 11:41:32', '2023-04-29 03:32:32', 'public/images/rqZOBlQ5mJC5eaH9pSRvnnYN0y8P9rvao4807ZCk.png', 'Yen'),
(4, 'Singapore', '2023-04-23 01:41:08', '2023-04-29 03:32:36', 'public/images/ziHjqC5FBoRMzHX4AmETAXXyTeIEX7urWOobgEks.png', 'SGD');

-- --------------------------------------------------------

--
-- Table structure for table `demands`
--

CREATE TABLE `demands` (
  `id` int(10) UNSIGNED NOT NULL,
  `company_name` text COLLATE utf8mb4_unicode_ci DEFAULT NULL,
  `countrie_id` text COLLATE utf8mb4_unicode_ci DEFAULT NULL,
  `overseas_agencie_id` text COLLATE utf8mb4_unicode_ci DEFAULT NULL,
  `male` text COLLATE utf8mb4_unicode_ci DEFAULT NULL,
  `female` text COLLATE utf8mb4_unicode_ci DEFAULT NULL,
  `demand_date` text COLLATE utf8mb4_unicode_ci DEFAULT NULL,
  `cabinet_date` text COLLATE utf8mb4_unicode_ci DEFAULT NULL,
  `issue_date` text COLLATE utf8mb4_unicode_ci DEFAULT NULL,
  `issue_number` text COLLATE utf8mb4_unicode_ci DEFAULT NULL,
  `created_at` timestamp NULL DEFAULT NULL,
  `updated_at` timestamp NULL DEFAULT NULL,
  `demand_status` text COLLATE utf8mb4_unicode_ci DEFAULT NULL,
  `demand_id` text COLLATE utf8mb4_unicode_ci DEFAULT NULL,
  `demand_number` text COLLATE utf8mb4_unicode_ci DEFAULT NULL,
  `job` text COLLATE utf8mb4_unicode_ci DEFAULT NULL,
  `salary` text COLLATE utf8mb4_unicode_ci DEFAULT NULL
) ENGINE=InnoDB DEFAULT CHARSET=utf8mb4 COLLATE=utf8mb4_unicode_ci;

--
-- Dumping data for table `demands`
--

INSERT INTO `demands` (`id`, `company_name`, `countrie_id`, `overseas_agencie_id`, `male`, `female`, `demand_date`, `cabinet_date`, `issue_date`, `issue_number`, `created_at`, `updated_at`, `demand_status`, `demand_id`, `demand_number`, `job`, `salary`) VALUES
(1, '1', '2', '1', '10', '10', '2023-04-29', NULL, NULL, NULL, '2023-04-29 03:48:01', '2023-04-29 03:48:01', 'new_demand', NULL, NULL, 'Construction', '900');

-- --------------------------------------------------------

--
-- Table structure for table `failed_jobs`
--

CREATE TABLE `failed_jobs` (
  `id` bigint(20) UNSIGNED NOT NULL,
  `uuid` varchar(255) COLLATE utf8mb4_unicode_ci NOT NULL,
  `connection` text COLLATE utf8mb4_unicode_ci NOT NULL,
  `queue` text COLLATE utf8mb4_unicode_ci NOT NULL,
  `payload` longtext COLLATE utf8mb4_unicode_ci NOT NULL,
  `exception` longtext COLLATE utf8mb4_unicode_ci NOT NULL,
  `failed_at` timestamp NOT NULL DEFAULT current_timestamp()
) ENGINE=InnoDB DEFAULT CHARSET=utf8mb4 COLLATE=utf8mb4_unicode_ci;

-- --------------------------------------------------------

--
-- Table structure for table `file_management`
--

CREATE TABLE `file_management` (
  `id` int(10) UNSIGNED NOT NULL,
  `overseas_agencie_id` text COLLATE utf8mb4_unicode_ci DEFAULT NULL,
  `demand_id` text COLLATE utf8mb4_unicode_ci DEFAULT NULL,
  `contract_id` text COLLATE utf8mb4_unicode_ci DEFAULT NULL,
  `sending_id` text COLLATE utf8mb4_unicode_ci DEFAULT NULL,
  `user_id` text COLLATE utf8mb4_unicode_ci DEFAULT NULL,
  `file_name` text COLLATE utf8mb4_unicode_ci DEFAULT NULL,
  `file_path` text COLLATE utf8mb4_unicode_ci DEFAULT NULL,
  `upload_date` text COLLATE utf8mb4_unicode_ci DEFAULT NULL,
  `created_at` timestamp NULL DEFAULT NULL,
  `updated_at` timestamp NULL DEFAULT NULL
) ENGINE=InnoDB DEFAULT CHARSET=utf8mb4 COLLATE=utf8mb4_unicode_ci;

-- --------------------------------------------------------

--
-- Table structure for table `hospitals`
--

CREATE TABLE `hospitals` (
  `id` int(10) UNSIGNED NOT NULL,
  `name` text COLLATE utf8mb4_unicode_ci DEFAULT NULL,
  `location` text COLLATE utf8mb4_unicode_ci DEFAULT NULL,
  `phone` text COLLATE utf8mb4_unicode_ci DEFAULT NULL,
  `created_at` timestamp NULL DEFAULT NULL,
  `updated_at` timestamp NULL DEFAULT NULL,
  `remark` text COLLATE utf8mb4_unicode_ci DEFAULT NULL,
  `submit_date` text COLLATE utf8mb4_unicode_ci DEFAULT NULL
) ENGINE=InnoDB DEFAULT CHARSET=utf8mb4 COLLATE=utf8mb4_unicode_ci;

--
-- Dumping data for table `hospitals`
--

INSERT INTO `hospitals` (`id`, `name`, `location`, `phone`, `created_at`, `updated_at`, `remark`, `submit_date`) VALUES
(1, 'Shwe Bon San Medical Centre', 'No.142/154,1st Floor, Between Hman Ya Wai Street and East Baho Street, U Chit Maung Road,Bahan Township,Yangon.', '+959422244667', '2023-04-03 21:59:02', '2023-04-03 21:59:02', NULL, '25.09.2022'),
(2, 'Kone Baung Specialist Health Care Center', 'No.303 Shwebontha Street(Upper Block) Yangon', '018383609', '2023-04-03 22:04:00', '2023-04-03 22:04:00', NULL, '25.09.2022'),
(3, 'A Hospital', 'Yangon', '09666171665', '2023-04-22 23:40:07', '2023-04-22 23:48:03', 'A Hospital in Yangon', NULL);

-- --------------------------------------------------------

--
-- Table structure for table `hospital_files`
--

CREATE TABLE `hospital_files` (
  `id` int(10) UNSIGNED NOT NULL,
  `file_name` text COLLATE utf8mb4_unicode_ci DEFAULT NULL,
  `file_path` text COLLATE utf8mb4_unicode_ci DEFAULT NULL,
  `upload_date` text COLLATE utf8mb4_unicode_ci DEFAULT NULL,
  `user_id` int(11) DEFAULT NULL,
  `hospital_id` int(11) DEFAULT NULL,
  `created_at` timestamp NULL DEFAULT NULL,
  `updated_at` timestamp NULL DEFAULT NULL
) ENGINE=InnoDB DEFAULT CHARSET=utf8mb4 COLLATE=utf8mb4_unicode_ci;

-- --------------------------------------------------------

--
-- Table structure for table `interviews`
--

CREATE TABLE `interviews` (
  `id` int(10) UNSIGNED NOT NULL,
  `interview_title` text COLLATE utf8mb4_unicode_ci DEFAULT NULL,
  `interview_date` text COLLATE utf8mb4_unicode_ci DEFAULT NULL,
  `interview_male` text COLLATE utf8mb4_unicode_ci DEFAULT NULL,
  `interview_female` text COLLATE utf8mb4_unicode_ci DEFAULT NULL,
  `remark` text COLLATE utf8mb4_unicode_ci DEFAULT NULL,
  `demand_id` text COLLATE utf8mb4_unicode_ci DEFAULT NULL,
  `created_at` timestamp NULL DEFAULT NULL,
  `updated_at` timestamp NULL DEFAULT NULL
) ENGINE=InnoDB DEFAULT CHARSET=utf8mb4 COLLATE=utf8mb4_unicode_ci;

-- --------------------------------------------------------

--
-- Table structure for table `interview_labours`
--

CREATE TABLE `interview_labours` (
  `id` int(10) UNSIGNED NOT NULL,
  `demand_id` int(11) DEFAULT NULL,
  `interview_id` int(11) DEFAULT NULL,
  `passport_id` int(11) DEFAULT NULL,
  `agent_list_id` int(11) DEFAULT NULL,
  `user_id` int(11) DEFAULT NULL,
  `created_at` timestamp NULL DEFAULT NULL,
  `updated_at` timestamp NULL DEFAULT NULL
) ENGINE=InnoDB DEFAULT CHARSET=utf8mb4 COLLATE=utf8mb4_unicode_ci;

-- --------------------------------------------------------

--
-- Table structure for table `labour_docs`
--

CREATE TABLE `labour_docs` (
  `id` int(10) UNSIGNED NOT NULL,
  `file_name` text COLLATE utf8mb4_unicode_ci DEFAULT NULL,
  `file_path` text COLLATE utf8mb4_unicode_ci DEFAULT NULL,
  `upload_date` text COLLATE utf8mb4_unicode_ci DEFAULT NULL,
  `user_id` int(11) DEFAULT NULL,
  `passport_id` int(11) DEFAULT NULL,
  `online_form_id` int(11) DEFAULT NULL,
  `created_at` timestamp NULL DEFAULT NULL,
  `updated_at` timestamp NULL DEFAULT NULL
) ENGINE=InnoDB DEFAULT CHARSET=utf8mb4 COLLATE=utf8mb4_unicode_ci;

-- --------------------------------------------------------

--
-- Table structure for table `labour_management`
--

CREATE TABLE `labour_management` (
  `id` bigint(20) UNSIGNED NOT NULL,
  `demand_id` int(11) DEFAULT NULL,
  `contract_id` int(11) DEFAULT NULL,
  `overseas_agencies_id` int(11) DEFAULT NULL,
  `name` varchar(255) COLLATE utf8mb4_unicode_ci NOT NULL,
  `father_name` varchar(255) COLLATE utf8mb4_unicode_ci DEFAULT NULL,
  `nrc` varchar(255) COLLATE utf8mb4_unicode_ci DEFAULT NULL,
  `date_of_birth` varchar(255) COLLATE utf8mb4_unicode_ci DEFAULT NULL,
  `passport` varchar(255) COLLATE utf8mb4_unicode_ci DEFAULT NULL,
  `passport_date` varchar(255) COLLATE utf8mb4_unicode_ci DEFAULT NULL,
  `phone` varchar(255) COLLATE utf8mb4_unicode_ci DEFAULT NULL,
  `address` varchar(255) COLLATE utf8mb4_unicode_ci DEFAULT NULL,
  `gender` varchar(255) COLLATE utf8mb4_unicode_ci DEFAULT NULL,
  `remark` varchar(255) COLLATE utf8mb4_unicode_ci DEFAULT NULL,
  `place_of_passport` text COLLATE utf8mb4_unicode_ci DEFAULT NULL,
  `owic` text COLLATE utf8mb4_unicode_ci DEFAULT NULL,
  `owic_date` text COLLATE utf8mb4_unicode_ci DEFAULT NULL,
  `created_at` timestamp NULL DEFAULT NULL,
  `updated_at` timestamp NULL DEFAULT NULL,
  `sending_id` text COLLATE utf8mb4_unicode_ci DEFAULT NULL,
  `passport_id` int(11) DEFAULT NULL
) ENGINE=InnoDB DEFAULT CHARSET=utf8mb4 COLLATE=utf8mb4_unicode_ci;

-- --------------------------------------------------------

--
-- Table structure for table `medical_tests`
--

CREATE TABLE `medical_tests` (
  `id` int(10) UNSIGNED NOT NULL,
  `medical_test_date` text COLLATE utf8mb4_unicode_ci DEFAULT NULL,
  `hospital_id` int(11) DEFAULT NULL,
  `passport_id` int(11) DEFAULT NULL,
  `user_id` int(11) DEFAULT NULL,
  `failed_or_pass` text COLLATE utf8mb4_unicode_ci DEFAULT NULL,
  `created_at` timestamp NULL DEFAULT NULL,
  `updated_at` timestamp NULL DEFAULT NULL,
  `agent_list_id` int(11) DEFAULT NULL
) ENGINE=InnoDB DEFAULT CHARSET=utf8mb4 COLLATE=utf8mb4_unicode_ci;

-- --------------------------------------------------------

--
-- Table structure for table `medical_test_temp_lists`
--

CREATE TABLE `medical_test_temp_lists` (
  `id` int(10) UNSIGNED NOT NULL,
  `agent_name` text COLLATE utf8mb4_unicode_ci DEFAULT NULL,
  `name` text COLLATE utf8mb4_unicode_ci DEFAULT NULL,
  `passport` text COLLATE utf8mb4_unicode_ci DEFAULT NULL,
  `nrc` text COLLATE utf8mb4_unicode_ci DEFAULT NULL,
  `passport_id` int(11) DEFAULT NULL,
  `session_id` text COLLATE utf8mb4_unicode_ci DEFAULT NULL,
  `user_id` int(11) DEFAULT NULL,
  `created_at` timestamp NULL DEFAULT NULL,
  `updated_at` timestamp NULL DEFAULT NULL,
  `agent_list_id` int(11) DEFAULT NULL,
  `types` text COLLATE utf8mb4_unicode_ci DEFAULT NULL
) ENGINE=InnoDB DEFAULT CHARSET=utf8mb4 COLLATE=utf8mb4_unicode_ci;

-- --------------------------------------------------------

--
-- Table structure for table `members_lists`
--

CREATE TABLE `members_lists` (
  `id` int(10) UNSIGNED NOT NULL,
  `file_path` text COLLATE utf8mb4_unicode_ci DEFAULT NULL,
  `file_name` text COLLATE utf8mb4_unicode_ci DEFAULT NULL,
  `agent_list_id` int(11) DEFAULT NULL,
  `user_id` int(11) DEFAULT NULL,
  `created_at` timestamp NULL DEFAULT NULL,
  `updated_at` timestamp NULL DEFAULT NULL
) ENGINE=InnoDB DEFAULT CHARSET=utf8mb4 COLLATE=utf8mb4_unicode_ci;

-- --------------------------------------------------------

--
-- Table structure for table `migrations`
--

CREATE TABLE `migrations` (
  `id` int(10) UNSIGNED NOT NULL,
  `migration` varchar(255) COLLATE utf8mb4_unicode_ci NOT NULL,
  `batch` int(11) NOT NULL
) ENGINE=InnoDB DEFAULT CHARSET=utf8mb4 COLLATE=utf8mb4_unicode_ci;

--
-- Dumping data for table `migrations`
--

INSERT INTO `migrations` (`id`, `migration`, `batch`) VALUES
(1, '2014_10_12_000000_create_users_table', 1),
(2, '2014_10_12_100000_create_password_resets_table', 1),
(3, '2019_08_19_000000_create_failed_jobs_table', 1),
(4, '2019_12_14_000001_create_personal_access_tokens_table', 1),
(5, '2023_01_30_162400_add_fields_to_users_table', 2),
(6, '2023_01_30_170326_create_countries_table', 3),
(7, '2023_01_30_171039_create_agent_lists_table', 4),
(8, '2023_01_30_173319_create_overseas_agencies_table', 5),
(9, '2023_02_06_040420_create_passports_table', 6),
(10, '2023_02_06_122630_create_demands_table', 7),
(11, '2023_02_06_123519_create_offices_table', 8),
(12, '2023_02_06_134425_create_contracts_table', 9),
(13, '2023_02_06_142050_add_demand_id_to_demands_table', 10),
(14, '2023_02_06_162003_create_labour_management_table', 11),
(15, '2023_02_14_034640_create_sendings_table', 12),
(16, '2023_02_14_053450_add_sending_id_to_labour_management_table', 13),
(17, '2023_02_15_051629_add_demand_number_to_demands_table', 14),
(19, '2023_02_17_025621_add_more_fields_to_passports_table', 15),
(20, '2023_02_17_031305_add_more_fields_v1_to_passports_table', 16),
(21, '2023_02_20_104651_create_regions_table', 17),
(22, '2023_02_20_122130_create_townships_table', 18),
(24, '2023_02_20_123953_add_more_field_v1_to_agent_lists_table', 19),
(25, '2023_02_20_125432_add_more_field_v2_to_agent_lists_table', 20),
(26, '2023_02_20_125823_create_members_lists_table', 20),
(27, '2023_02_22_020736_add_fields_v2_to_passports_table', 21),
(28, '2023_03_05_104609_add_add_fields_v2_to_passports_table', 22),
(29, '2023_03_05_121835_add_fields_v3_to_passports_table', 23),
(30, '2023_03_05_122052_create_passport_payments_table', 23),
(31, '2023_03_05_122503_create_passport_payment_files_table', 23),
(32, '2023_03_06_053459_add_marital_status_to_passports_table', 24),
(33, '2023_03_06_062402_add_leader_to_passports_table', 25),
(34, '2023_03_06_111830_create_file_management_table', 26),
(35, '2023_03_06_120405_add_fields_v1_to_demands_table', 27),
(36, '2023_03_07_031519_create_labour_docs_table', 28),
(37, '2023_03_07_043254_add_fields_v1_to_passport_payments_table', 29),
(38, '2023_03_07_055442_create_permission_tables', 30),
(39, '2023_03_07_060842_add_status_to_permissions_table', 31),
(40, '2023_03_11_080639_add_remark_to_overseas_agencies_table', 32),
(41, '2023_03_11_084011_create_nrcs_table', 33),
(42, '2023_03_11_171320_create_hospitals_table', 34),
(44, '2023_03_12_143332_create_medical_test_temp_lists_table', 35),
(45, '2023_03_12_162652_create_medical_tests_table', 36),
(46, '2023_03_13_044335_create_interviews_table', 37),
(47, '2023_03_13_053937_add_agent_list_id_to_medical_tests_table', 38),
(48, '2023_03_13_054121_add_agent_list_id_to_medical_test_temp_lists_table', 39),
(49, '2023_03_13_070135_create_interview_labours_table', 40),
(50, '2023_03_13_070715_add_types_to_medical_test_temp_lists_table', 41),
(51, '2023_03_14_030313_add_passport_id_to_labour_management_table', 42),
(52, '2023_03_14_050059_create_authentication_log_table', 43),
(53, '2023_03_24_000916_add_fields_v1_to_hospitals_table', 44),
(54, '2023_03_24_001024_create_hospital_files_table', 44),
(55, '2023_03_24_010319_add_nrc_fields_to_agent_lists_table', 45),
(56, '2023_03_24_011543_add_nrc_fields_to_passports_table', 46),
(57, '2023_03_24_013938_add_dob_fields_to_passports_table', 47),
(58, '2023_04_23_055007_add_countrie_id_to_users_table', 48),
(59, '2023_04_23_080920_add_image_to_countries_table', 49),
(60, '2023_04_29_095918_add_currency_format_to_countries_table', 50);

-- --------------------------------------------------------

--
-- Table structure for table `model_has_permissions`
--

CREATE TABLE `model_has_permissions` (
  `permission_id` bigint(20) UNSIGNED NOT NULL,
  `model_type` varchar(255) COLLATE utf8mb4_unicode_ci NOT NULL,
  `model_id` bigint(20) UNSIGNED NOT NULL
) ENGINE=InnoDB DEFAULT CHARSET=utf8mb4 COLLATE=utf8mb4_unicode_ci;

-- --------------------------------------------------------

--
-- Table structure for table `model_has_roles`
--

CREATE TABLE `model_has_roles` (
  `role_id` bigint(20) UNSIGNED NOT NULL,
  `model_type` varchar(255) COLLATE utf8mb4_unicode_ci NOT NULL,
  `model_id` bigint(20) UNSIGNED NOT NULL
) ENGINE=InnoDB DEFAULT CHARSET=utf8mb4 COLLATE=utf8mb4_unicode_ci;

-- --------------------------------------------------------

--
-- Table structure for table `nrcs`
--

CREATE TABLE `nrcs` (
  `id` int(10) UNSIGNED NOT NULL,
  `name_en` text COLLATE utf8mb4_unicode_ci DEFAULT NULL,
  `name_mm` text COLLATE utf8mb4_unicode_ci DEFAULT NULL,
  `nrc_code` text COLLATE utf8mb4_unicode_ci DEFAULT NULL,
  `created_at` timestamp NULL DEFAULT NULL,
  `updated_at` timestamp NULL DEFAULT NULL
) ENGINE=InnoDB DEFAULT CHARSET=utf8mb4 COLLATE=utf8mb4_unicode_ci;

--
-- Dumping data for table `nrcs`
--

INSERT INTO `nrcs` (`id`, `name_en`, `name_mm`, `nrc_code`, `created_at`, `updated_at`) VALUES
(1, 'AhGaYa', '() ', '1', '2019-01-31 07:03:05', '2019-01-31 07:03:24'),
(2, 'BaMaNa', '() ', '1', '2019-01-31 07:03:05', '2019-01-31 07:03:24'),
(3, 'KhaPhaNa', '() ', '1', '2019-01-31 07:03:05', '2019-01-31 07:03:24'),
(4, 'DaPhaYa', '() ', '1', '2019-01-31 07:03:05', '2019-01-31 07:03:24'),
(5, 'HaPaNa', '() ', '1', '2019-01-31 07:03:05', '2019-01-31 07:03:24'),
(6, 'KaMaNa', '() ', '1', '2019-01-31 07:03:05', '2019-01-31 07:03:05'),
(7, 'KhaLaPha', '() ', '1', '2019-01-31 07:03:05', '2019-01-31 07:03:24'),
(8, 'LaGaNa', '() ', '1', '2019-01-31 07:03:05', '2019-01-31 07:03:24'),
(9, 'MaKhaBa', '() ', '1', '2019-01-31 07:03:05', '2019-01-31 07:03:24'),
(10, 'MaSaNa', '() ', '1', '2019-01-31 07:03:05', '2019-01-31 07:03:05'),
(11, 'MaNyaNa', '() ', '1', '2019-01-31 07:03:05', '2019-01-31 07:03:24'),
(12, 'MaKaTa', '() ', '1', '2019-01-31 07:03:05', '2019-01-31 07:03:24'),
(13, 'MaMaNa', '() ', '1', '2019-01-31 07:03:05', '2019-01-31 07:03:24'),
(14, 'MaKaNa', '() ', '1', '2019-01-31 07:03:05', '2019-01-31 07:03:24'),
(15, 'NaMaNa', '() ', '1', '2019-01-31 07:03:05', '2019-01-31 07:03:24'),
(16, 'PhaKaNa', '() ', '1', '2019-01-31 07:03:05', '2019-01-31 07:03:24'),
(17, 'PaTaAh', '() ', '1', '2019-01-31 07:03:05', '2019-01-31 07:03:05'),
(18, 'YaKaNa', '() ', '1', '2019-01-31 07:03:05', '2019-01-31 07:03:24'),
(19, 'SaBaNa', '() ', '1', '2019-01-31 07:03:05', '2019-01-31 07:03:24'),
(20, 'SaLaNa', '() ', '1', '2019-01-31 07:03:05', '2019-01-31 07:03:24'),
(21, 'SaPaBa', '() ', '1', '2019-01-31 07:03:05', '2019-01-31 07:03:24'),
(22, 'TaNaNa', '() ', '1', '2019-01-31 07:03:05', '2019-01-31 07:03:24'),
(23, 'WaMaNa', '() ', '1', '2019-01-31 07:03:05', '2019-01-31 07:03:24'),
(24, 'BaLaKha', '() ', '2', '2019-01-31 07:03:05', '2019-01-31 07:03:24'),
(25, 'DaMaSa', '() ', '2', '2019-01-31 07:03:05', '2019-01-31 07:03:24'),
(26, 'LaKaNa', '() ', '2', '2019-01-31 07:03:05', '2019-01-31 07:03:24'),
(27, 'MaSaNa', '() ', '2', '2019-01-31 07:03:05', '2019-01-31 07:03:24'),
(28, 'PhaSaNa', '() ', '2', '2019-01-31 07:03:05', '2019-01-31 07:03:24'),
(29, 'PhaYaSa', '() ', '2', '2019-01-31 07:03:05', '2019-01-31 07:03:05'),
(30, 'YaTaNa', '() ', '2', '2019-01-31 07:03:05', '2019-01-31 07:03:24'),
(31, 'LaBaNa', '() ', '3', '2019-01-31 07:03:05', '2019-01-31 07:03:24'),
(32, 'KaKaYa', '() ', '3', '2019-01-31 07:03:05', '2019-01-31 07:03:24'),
(33, 'KaSaKa', '() ', '3', '2019-01-31 07:03:05', '2019-01-31 07:03:24'),
(34, 'KaDaNa', '() ', '3', '2019-01-31 07:03:05', '2019-01-31 07:03:24'),
(35, 'MaWaTa', '() ', '3', '2019-01-31 07:03:05', '2019-01-31 07:03:24'),
(36, 'PhaAhNa', '() ', '3', '2019-01-31 07:03:05', '2019-01-31 07:03:05'),
(37, 'BaAhNa', '() ', '3', '2019-01-31 07:03:05', '2019-01-31 07:03:05'),
(38, 'PhaPaNa', '() ', '3', '2019-01-31 07:03:05', '2019-01-31 07:03:24'),
(39, 'ThaTaNa', '() ', '3', '2019-01-31 07:03:05', '2019-01-31 07:03:24'),
(40, 'HaKhaNa', '() ', '4', '2019-01-31 07:03:05', '2019-01-31 07:03:05'),
(41, 'HtaTaLa', '() ', '4', '2019-01-31 07:03:05', '2019-01-31 07:03:24'),
(42, 'KaPaLa', '() ', '4', '2019-01-31 07:03:05', '2019-01-31 07:03:24'),
(43, 'MaTaPa', '() ', '4', '2019-01-31 07:03:05', '2019-01-31 07:03:05'),
(44, 'MaTaNa', '() ', '4', '2019-01-31 07:03:05', '2019-01-31 07:03:24'),
(45, 'PhaLaNa', '() ', '4', '2019-01-31 07:03:05', '2019-01-31 07:03:24'),
(46, 'PaLaWa', '() ', '4', '2019-01-31 07:03:05', '2019-01-31 07:03:24'),
(47, 'TaTaNa', '() ', '4', '2019-01-31 07:03:05', '2019-01-31 07:03:24'),
(48, 'TaZaNa', '() ', '4', '2019-01-31 07:03:05', '2019-01-31 07:03:24'),
(49, 'AhYaTa', '() ', '5', '2019-01-31 07:03:05', '2019-01-31 07:03:24'),
(50, 'BaMaNa', '() ', '5', '2019-01-31 07:03:05', '2019-01-31 07:03:24'),
(51, 'BaTaLa', '() ', '5', '2019-01-31 07:03:05', '2019-01-31 07:03:24'),
(52, 'KhaOuNa', '() ', '5', '2019-01-31 07:03:05', '2020-11-25 10:37:39'),
(53, 'DaPaYa', '() ', '5', '2019-01-31 07:03:05', '2019-01-31 07:03:24'),
(54, 'HaMaLa', '() ', '5', '2019-01-31 07:03:05', '2019-01-31 07:03:24'),
(55, 'HtaKhaNa', '() ', '5', '2019-01-31 07:03:05', '2019-01-31 07:03:24'),
(56, 'AhTaNa', '() ', '5', '2019-01-31 07:03:05', '2019-01-31 07:03:24'),
(57, 'KaNaNa', '() ', '5', '2019-01-31 07:03:05', '2019-01-31 07:03:05'),
(58, 'KaThaNa', '() ', '5', '2019-01-31 07:03:05', '2019-01-31 07:03:05'),
(59, 'KaLaHta', '() ', '5', '2019-01-31 07:03:05', '2019-01-31 07:03:24'),
(60, 'KaLaWa', '() ', '5', '2019-01-31 07:03:05', '2019-01-31 07:03:24'),
(61, 'KaBaLa', '() ', '5', '2019-01-31 07:03:05', '2019-01-31 07:03:24'),
(62, 'KaLaTa', '() ', '5', '2019-01-31 07:03:05', '2019-01-31 07:03:24'),
(63, 'KhaTaNa', '() ', '5', '2019-01-31 07:03:05', '2019-01-31 07:03:24'),
(64, 'KhaOuTa', '() ', '5', '2019-01-31 07:03:05', '2019-01-31 07:03:24'),
(65, 'KaLaNa', '() ', '5', '2019-01-31 07:03:05', '2019-01-31 07:03:24'),
(66, 'MaLaNa', '() ', '5', '2019-01-31 07:03:05', '2019-01-31 07:03:24'),
(67, 'MaKaNa', '() ', '5', '2019-01-31 07:03:05', '2019-01-31 07:03:24'),
(68, 'MaYaNa', '() ', '5', '2019-01-31 07:03:05', '2019-01-31 07:03:24'),
(69, 'MaMaNa', '() ', '5', '2019-01-31 07:03:05', '2019-01-31 07:03:24'),
(70, 'NaYaNa', '() ', '5', '2019-01-31 07:03:05', '2019-01-31 07:03:24'),
(71, 'NgaZaNa', '() ', '5', '2019-01-31 07:03:05', '2019-01-31 07:03:24'),
(72, 'PaLaNa', '() ', '5', '2019-01-31 07:03:05', '2019-01-31 07:03:05'),
(73, 'PhaPaNa', '() ', '5', '2019-01-31 07:03:05', '2019-01-31 07:03:24'),
(74, 'PaLanBa', '() ', '5', '2019-01-31 07:03:05', '2019-01-31 07:03:24'),
(75, 'SaKaNa', '() ', '5', '2019-01-31 07:03:05', '2019-01-31 07:03:24'),
(76, 'SaLaKa', '() ', '5', '2019-01-31 07:03:05', '2019-01-31 07:03:24'),
(77, 'YaBaNa', '() ', '5', '2019-01-31 07:03:05', '2019-01-31 07:03:24'),
(78, 'TaMaNa', '() ', '5', '2019-01-31 07:03:05', '2019-01-31 07:03:05'),
(79, 'TaSaNa', '() ', '5', '2019-01-31 07:03:05', '2019-01-31 07:03:24'),
(80, 'WaLaNa', '() ', '5', '2019-01-31 07:03:05', '2019-01-31 07:03:24'),
(81, 'WaThaNa', '() ', '5', '2019-01-31 07:03:05', '2019-01-31 07:03:24'),
(82, 'YaOuNa', '() ', '5', '2019-01-31 07:03:05', '2019-01-31 07:03:24'),
(83, 'YaMaPa', '() ', '5', '2019-01-31 07:03:05', '2019-01-31 07:03:24'),
(84, 'YaThaKa', '() ', '5', '2019-01-31 07:03:05', '2019-01-31 07:03:24'),
(85, 'BaPaNa', '() ', '6', '2019-01-31 07:03:05', '2019-01-31 07:03:24'),
(86, 'HtaWaNa', '() ', '6', '2019-01-31 07:03:05', '2019-01-31 07:03:24'),
(87, 'KaThaNa', '() ', '6', '2019-01-31 07:03:05', '2019-01-31 07:03:24'),
(88, 'KaSaNa', '() ', '6', '2019-01-31 07:03:05', '2019-01-31 07:03:24'),
(89, 'LaLaNa', '() ', '6', '2019-01-31 07:03:05', '2019-01-31 07:03:24'),
(90, 'MaMaNa', '() ', '6', '2019-01-31 07:03:05', '2019-01-31 07:03:24'),
(91, 'MaAhYa', '() ', '6', '2019-01-31 07:03:05', '2019-01-31 07:03:24'),
(92, 'NgaYaKa', '() ', '6', '2019-01-31 07:03:05', '2019-01-31 07:03:24'),
(93, 'PaLaNa', '() ', '6', '2019-01-31 07:03:05', '2019-01-31 07:03:24'),
(94, 'TaNaTha', '() ', '6', '2019-01-31 07:03:05', '2019-01-31 07:03:05'),
(95, 'TaThaYa', '() ', '6', '2019-01-31 07:03:05', '2019-01-31 07:03:05'),
(96, 'ThaYaKha', '() ', '6', '2019-01-31 07:03:05', '2019-01-31 07:03:24'),
(97, 'YaPhaNa', '() ', '6', '2019-01-31 07:03:05', '2019-01-31 07:03:24'),
(98, 'AhPhaNa', '() ', '7', '2019-01-31 07:03:05', '2019-01-31 07:03:24'),
(99, 'AhPhaNa', '() ', '7', '2019-01-31 07:03:06', '2019-01-31 07:03:24'),
(100, 'AhTaNa', '() ', '7', '2019-01-31 07:03:06', '2019-01-31 07:03:24'),
(101, 'DaOuNa', '() ', '7', '2019-01-31 07:03:06', '2019-01-31 07:03:24'),
(102, 'HtaTaPa', '() ', '7', '2019-01-31 07:03:06', '2019-01-31 07:03:24'),
(103, 'KaTaTa', '() ', '7', '2019-01-31 07:03:06', '2019-01-31 07:03:24'),
(104, 'KaPaKa', '() ', '7', '2019-01-31 07:03:06', '2019-01-31 07:03:24'),
(105, 'KaKaNa', '() ', '7', '2019-01-31 07:03:06', '2019-01-31 07:03:24'),
(106, 'KaTaKha', '() ', '7', '2019-01-31 07:03:06', '2019-01-31 07:03:24'),
(107, 'KaKaNa', '() ', '7', '2019-01-31 07:03:06', '2019-01-31 07:03:24'),
(108, 'MaDaNa', '() ', '7', '2019-01-31 07:03:06', '2019-01-31 07:03:24'),
(109, 'MaLaNa', '() ', '7', '2019-01-31 07:03:06', '2019-01-31 07:03:24'),
(110, 'MaNyaNa', '() ', '7', '2019-01-31 07:03:06', '2019-01-31 07:03:24'),
(111, 'NaTaLa', '() ', '7', '2019-01-31 07:03:06', '2019-01-31 07:03:24'),
(112, 'NyaLaPa', '() ', '7', '2019-01-31 07:03:06', '2019-01-31 07:03:24'),
(113, 'PaNaKa', '() ', '7', '2019-01-31 07:03:06', '2019-01-31 07:03:24'),
(114, 'PaKhaNa', '() ', '7', '2019-01-31 07:03:06', '2019-01-31 07:03:06'),
(115, 'PaTaNa', '() ', '7', '2019-01-31 07:03:06', '2019-01-31 07:03:24'),
(116, 'PaKhaTa', '() ', '7', '2019-01-31 07:03:06', '2020-12-11 11:06:22'),
(117, 'PaTaTa', '() ', '7', '2019-01-31 07:03:06', '2019-01-31 07:03:24'),
(118, 'PhaMaNa', '() ', '7', '2019-01-31 07:03:06', '2019-01-31 07:03:24'),
(119, 'PaMaNa', '() ', '7', '2019-01-31 07:03:06', '2019-01-31 07:03:24'),
(120, 'PaTaSa', '() ', '7', '2019-01-31 07:03:06', '2019-01-31 07:03:24'),
(121, 'YaKaNa', '() ', '7', '2019-01-31 07:03:06', '2019-01-31 07:03:24'),
(122, 'YaTaNa', '() ', '7', '2019-01-31 07:03:06', '2019-01-31 07:03:24'),
(123, 'TaNgaNa', '() ', '7', '2019-01-31 07:03:06', '2019-01-31 07:03:24'),
(124, 'ThaNaPa', '() ', '7', '2019-01-31 07:03:06', '2019-01-31 07:03:24'),
(125, 'ThaKaNa', '() ', '7', '2019-01-31 07:03:06', '2019-01-31 07:03:24'),
(126, 'ThaWaTa', '() ', '7', '2019-01-31 07:03:06', '2019-01-31 07:03:06'),
(127, 'ThaSaNa', '() ', '7', '2019-01-31 07:03:06', '2019-01-31 07:03:24'),
(128, 'WaMaNa', '() ', '7', '2019-01-31 07:03:06', '2019-01-31 07:03:24'),
(129, 'YaTaYa', '() ', '7', '2019-01-31 07:03:06', '2019-01-31 07:03:24'),
(130, 'ZaKaNa', '() ', '7', '2019-01-31 07:03:06', '2019-01-31 07:03:24'),
(131, 'AhLaNa', '() ', '8', '2019-01-31 07:03:06', '2019-01-31 07:03:24'),
(132, 'KhaMaNa', '() ', '8', '2019-01-31 07:03:06', '2019-01-31 07:03:24'),
(133, 'GaGaNa', '() ', '8', '2019-01-31 07:03:06', '2019-01-31 07:03:24'),
(134, 'SaPhaNa', '() ', '8', '2019-01-31 07:03:06', '2019-01-31 07:03:24'),
(135, 'SaPaWa', '() ', '8', '2019-01-31 07:03:06', '2019-01-31 07:03:24'),
(136, 'HtaLaNa', '() ', '8', '2019-01-31 07:03:06', '2019-01-31 07:03:24'),
(137, 'KaMaNa', '() ', '8', '2019-01-31 07:03:06', '2019-01-31 07:03:06'),
(138, 'MaKaNa', '() ', '8', '2019-01-31 07:03:06', '2019-01-31 07:03:24'),
(139, 'MaBaNa', '() ', '8', '2019-01-31 07:03:06', '2019-01-31 07:03:24'),
(140, 'MaLaNa', '() ', '8', '2019-01-31 07:03:06', '2019-01-31 07:03:24'),
(141, 'MaTaNa', '() ', '8', '2019-01-31 07:03:06', '2019-01-31 07:03:24'),
(142, 'MaMaNa', '() ', '8', '2019-01-31 07:03:06', '2019-01-31 07:03:24'),
(143, 'MaHtaNa', '() ', '8', '2019-01-31 07:03:06', '2019-01-31 07:03:24'),
(144, 'MaThaNa', '() ', '8', '2019-01-31 07:03:06', '2019-01-31 07:03:24'),
(145, 'NaMaNa', '() ', '8', '2019-01-31 07:03:06', '2019-01-31 07:03:24'),
(146, 'NgaPhaNa', '() ', '8', '2019-01-31 07:03:06', '2019-01-31 07:03:24'),
(147, 'PaKhaKa', '() ', '8', '2019-01-31 07:03:06', '2019-01-31 07:03:24'),
(148, 'PaMaNa', '() ', '8', '2019-01-31 07:03:06', '2019-01-31 07:03:24'),
(149, 'PaPhaNa', '() ', '8', '2019-01-31 07:03:06', '2019-01-31 07:03:24'),
(150, 'SaLaNa', '() ', '8', '2019-01-31 07:03:06', '2019-01-31 07:03:24'),
(151, 'SaTaYa', '() ', '8', '2019-01-31 07:03:06', '2019-01-31 07:03:24'),
(152, 'SaKaNa', '() ', '8', '2019-01-31 07:03:06', '2019-01-31 07:03:06'),
(153, 'TaTaKa', '() ', '8', '2019-01-31 07:03:06', '2019-01-31 07:03:24'),
(154, 'ThaYaNa', '() ', '8', '2019-01-31 07:03:06', '2019-01-31 07:03:24'),
(155, 'SaMaNa', '() ', '8', '2019-01-31 07:03:06', '2019-01-31 07:03:24'),
(156, 'YaNaKha', '() ', '8', '2019-01-31 07:03:06', '2020-11-25 10:49:33'),
(157, 'YaSaKa', '() ', '8', '2019-01-31 07:03:06', '2021-01-25 04:22:00'),
(158, 'DaKhaTha', '() ', '9', '2019-01-31 07:03:06', '2019-01-31 07:03:24'),
(159, 'LaWaNa', '() ', '9', '2019-01-31 07:03:06', '2019-01-31 07:03:24'),
(160, 'OuTaTha', '() ', '9', '2019-01-31 07:03:06', '2019-01-31 07:03:24'),
(161, 'PaBaTha', '() ', '9', '2019-01-31 07:03:06', '2019-01-31 07:03:24'),
(162, 'PaMaNa', '() ', '9', '2019-01-31 07:03:06', '2019-01-31 07:03:24'),
(163, 'TaKaNa', '() ', '9', '2019-01-31 07:03:06', '2019-01-31 07:03:24'),
(164, 'ZaBaTha', '() ', '9', '2019-01-31 07:03:06', '2019-01-31 07:03:24'),
(165, 'ZaYaTha', '() ', '9', '2019-01-31 07:03:06', '2019-01-31 07:03:24'),
(166, 'AhMaYa', '() ', '9', '2019-01-31 07:03:06', '2019-01-31 07:03:06'),
(167, 'AhMaZa', '() ', '9', '2019-01-31 07:03:06', '2019-01-31 07:03:24'),
(168, 'KhaAhZa', '() ', '9', '2019-01-31 07:03:06', '2019-01-31 07:03:24'),
(169, 'KhaMaSa', '() ', '9', '2019-01-31 07:03:06', '2019-01-31 07:03:24'),
(170, 'KaPaTa', '() ', '9', '2019-01-31 07:03:06', '2019-01-31 07:03:24'),
(171, 'KaSaNa', '() ', '9', '2019-01-31 07:03:06', '2019-01-31 07:03:24'),
(172, 'MaLaNa', '() ', '9', '2019-01-31 07:03:06', '2019-01-31 07:03:24'),
(173, 'MaHaMa', '() ', '9', '2019-01-31 07:03:06', '2019-01-31 07:03:24'),
(174, 'MaNaMa', '() ', '9', '2019-01-31 07:03:06', '2019-01-31 07:03:24'),
(175, 'MaNaTa', '() ', '9', '2019-01-31 07:03:06', '2019-01-31 07:03:24'),
(176, 'MaYaMa', '() ', '9', '2019-01-31 07:03:06', '2019-01-31 07:03:24'),
(177, 'MaYaTa', '() ', '9', '2019-01-31 07:03:06', '2019-01-31 07:03:24'),
(178, 'MaTaYa', '() ', '9', '2019-01-31 07:03:06', '2019-01-31 07:03:24'),
(179, 'MaMaNa', '() ', '9', '2019-01-31 07:03:06', '2019-01-31 07:03:24'),
(180, 'MaHtaLa', '() ', '9', '2019-01-31 07:03:06', '2019-01-31 07:03:24'),
(181, 'MaKaNa', '() ', '9', '2019-01-31 07:03:06', '2019-01-31 07:03:24'),
(182, 'MaKhaNa', '() ', '9', '2019-01-31 07:03:06', '2019-01-31 07:03:24'),
(183, 'MaThaNa', '() ', '9', '2019-01-31 07:03:06', '2019-01-31 07:03:24'),
(184, 'NaHtaKa', '() ', '9', '2019-01-31 07:03:06', '2019-01-31 07:03:24'),
(185, 'NgaTaYa', '() ', '9', '2019-01-31 07:03:06', '2019-01-31 07:03:24'),
(186, 'NyaOuNa', '() ', '9', '2019-01-31 07:03:06', '2019-01-31 07:03:24'),
(187, 'PaLaNa', '() ', '9', '2019-01-31 07:03:06', '2019-01-31 07:03:24'),
(188, 'PaThaKa', '() ', '9', '2019-01-31 07:03:06', '2019-01-31 07:03:24'),
(189, 'PaBaNa', '() ', '9', '2019-01-31 07:03:06', '2019-01-31 07:03:24'),
(190, 'PaKaKha', '() ', '9', '2019-01-31 07:03:06', '2019-01-31 07:03:24'),
(191, 'PaOuLa', '() ', '9', '2019-01-31 07:03:06', '2019-01-31 07:03:24'),
(192, 'PaMaNa', '() ', '9', '2019-01-31 07:03:06', '2019-01-31 07:03:24'),
(193, 'SaKaTa', '() ', '9', '2019-01-31 07:03:06', '2019-01-31 07:03:24'),
(194, 'SaKaNa', '() ', '9', '2019-01-31 07:03:06', '2019-01-31 07:03:24'),
(195, 'TaKaNa', '() ', '9', '2019-01-31 07:03:06', '2019-01-31 07:03:24'),
(196, 'TaTaOu', '() ', '9', '2019-01-31 07:03:06', '2019-01-31 07:03:24'),
(197, 'TaThaNa', '() ', '9', '2019-01-31 07:03:06', '2019-01-31 07:03:24'),
(198, 'ThaPaKa', '() ', '9', '2019-01-31 07:03:06', '2019-01-31 07:03:24'),
(199, 'ThaSaNa', '() ', '9', '2019-01-31 07:03:06', '2019-01-31 07:03:24'),
(200, 'WaTaNa', '() ', '9', '2019-01-31 07:03:06', '2019-01-31 07:03:24'),
(201, 'YaMaTha', '() ', '9', '2019-01-31 07:03:06', '2019-01-31 07:03:24'),
(202, 'BaLaNa', '() ', '10', '2019-01-31 07:03:06', '2019-01-31 07:03:24'),
(203, 'KhaSaNa', '() ', '10', '2019-01-31 07:03:06', '2019-01-31 07:03:24'),
(204, 'KaMaYa', '() ', '10', '2019-01-31 07:03:06', '2019-01-31 07:03:24'),
(205, 'KaHtaNa', '() ', '10', '2019-01-31 07:03:06', '2019-01-31 07:03:24'),
(206, 'MaLaMa', '() ', '10', '2019-01-31 07:03:06', '2019-01-31 07:03:24'),
(207, 'MaDaNa', '() ', '10', '2019-01-31 07:03:06', '2019-01-31 07:03:24'),
(208, 'PaMaNa', '() ', '10', '2019-01-31 07:03:06', '2019-01-31 07:03:24'),
(209, 'ThaPhaYa', '() ', '10', '2019-01-31 07:03:06', '2019-01-31 07:03:24'),
(210, 'ThaHtaNa', '() ', '10', '2019-01-31 07:03:06', '2019-01-31 07:03:24'),
(211, 'KhaZaNa', '() ', '10', '2019-01-31 07:03:06', '2019-01-31 07:03:24'),
(212, 'LaMaNa', '() ', '10', '2019-01-31 07:03:06', '2019-01-31 07:03:24'),
(213, 'YaMaNa', '() ', '10', '2019-01-31 07:03:06', '2019-01-31 07:03:24'),
(214, 'AaMaNa', '() ', '11', '2019-01-31 07:03:06', '2019-01-31 07:03:24'),
(215, 'BaThaTa', '() ', '11', '2019-01-31 07:03:06', '2019-01-31 07:03:24'),
(216, 'GaMaNa', '() ', '11', '2019-01-31 07:03:06', '2019-01-31 07:03:24'),
(217, 'KaPhaNa', '() ', '11', '2019-01-31 07:03:06', '2019-01-31 07:03:24'),
(218, 'KaTaNa', '() ', '11', '2019-01-31 07:03:06', '2019-01-31 07:03:24'),
(219, 'MaAhNa', '() ', '11', '2019-01-31 07:03:06', '2019-01-31 07:03:24'),
(220, 'MaTaNa', '() ', '11', '2019-01-31 07:03:06', '2019-01-31 07:03:24'),
(221, 'MaPaNa', '() ', '11', '2019-01-31 07:03:06', '2019-01-31 07:03:24'),
(222, 'MaOuNa', '() ', '11', '2019-01-31 07:03:06', '2019-01-31 07:03:24'),
(223, 'MaPaTa', '() ', '11', '2019-01-31 07:03:06', '2019-01-31 07:03:24'),
(224, 'PaTaNa', '() ', '11', '2019-01-31 07:03:06', '2019-01-31 07:03:24'),
(225, 'PaNaKa', '() ', '11', '2019-01-31 07:03:06', '2019-01-31 07:03:24'),
(226, 'SaTaNa', '() ', '11', '2019-01-31 07:03:06', '2019-01-31 07:03:24'),
(227, 'TaKaNa', '() ', '11', '2019-01-31 07:03:06', '2019-01-31 07:03:24'),
(228, 'ThaTaNa', '() ', '11', '2019-01-31 07:03:06', '2019-01-31 07:03:24'),
(229, 'YaBaNa', '() ', '11', '2019-01-31 07:03:06', '2019-01-31 07:03:24'),
(230, 'YaThaTa', '() ', '11', '2019-01-31 07:03:06', '2019-01-31 07:03:24'),
(231, 'AaLaNa', '() ', '12', '2019-01-31 07:03:06', '2019-01-31 07:03:06'),
(232, 'BaHaNa', '() ', '12', '2019-01-31 07:03:06', '2019-01-31 07:03:24'),
(233, 'BaTaHta', '() ', '12', '2019-01-31 07:03:06', '2019-01-31 07:03:24'),
(234, 'KaKaKa', '() ', '12', '2019-01-31 07:03:06', '2019-01-31 07:03:24'),
(235, 'DaGaNa', '() ', '12', '2019-01-31 07:03:06', '2019-01-31 07:03:06'),
(236, 'DaGaYa', '() ()', '12', '2019-01-31 07:03:06', '2019-01-31 07:03:24'),
(237, 'DaGaMa', '() ()', '12', '2019-01-31 07:03:06', '2019-02-14 10:53:07'),
(238, 'DaSaKa', '() ', '12', '2019-01-31 07:03:06', '2019-01-31 07:03:24'),
(239, 'DaGaTa', '() ()', '12', '2019-01-31 07:03:06', '2019-01-31 07:03:24'),
(240, 'DaLaNa', '() ', '12', '2019-01-31 07:03:06', '2019-01-31 07:03:06'),
(241, 'DaPaNa', '() ', '12', '2019-01-31 07:03:06', '2019-01-31 07:03:24'),
(242, 'LaMaNa', '() ', '12', '2019-01-31 07:03:06', '2019-01-31 07:03:24'),
(243, 'LaThaYa', '() ', '12', '2019-01-31 07:03:06', '2019-01-31 07:03:24'),
(244, 'LaKaNa', '() ', '12', '2019-01-31 07:03:06', '2019-01-31 07:03:24'),
(245, 'MaBaNa', '() ', '12', '2019-01-31 07:03:06', '2019-01-31 07:03:24'),
(246, 'HtaTaPa', '() ', '12', '2019-01-31 07:03:06', '2019-01-31 07:03:24'),
(247, 'AhSaNa', '() ', '12', '2019-01-31 07:03:06', '2019-01-31 07:03:24'),
(248, 'KaMaYa', '() ', '12', '2019-01-31 07:03:06', '2019-01-31 07:03:24'),
(249, 'KaMaNa', '() ', '12', '2019-01-31 07:03:06', '2019-01-31 07:03:24'),
(250, 'KhaYaNa', '() ', '12', '2019-01-31 07:03:06', '2019-01-31 07:03:24'),
(251, 'KaKhaKa', '() ', '12', '2019-01-31 07:03:06', '2019-01-31 07:03:24'),
(252, 'KaTaTa', '() ', '12', '2019-01-31 07:03:06', '2019-01-31 07:03:24'),
(253, 'KaTaNa', '() ', '12', '2019-01-31 07:03:06', '2019-01-31 07:03:24'),
(254, 'KaMaTa', '() ', '12', '2019-01-31 07:03:06', '2019-01-31 07:03:24'),
(255, 'LaMata', '() ', '12', '2019-01-31 07:03:06', '2019-01-31 07:03:24'),
(256, 'LaThaNa', '() ', '12', '2019-01-31 07:03:06', '2019-01-31 07:03:06'),
(257, 'MaYaKa', '() ', '12', '2019-01-31 07:03:06', '2019-01-31 07:03:24'),
(258, 'MaGaTa', '() ', '12', '2019-01-31 07:03:06', '2019-01-31 07:03:24'),
(259, 'MaGaDa', '() ', '12', '2019-01-31 07:03:06', '2019-01-31 07:03:24'),
(260, 'OuKaMa', '() ', '12', '2019-01-31 07:03:06', '2019-01-31 07:03:24'),
(261, 'PaBaTa', '() ', '12', '2019-01-31 07:03:06', '2019-01-31 07:03:24'),
(262, 'PaZaDa', '() ', '12', '2019-01-31 07:03:06', '2019-01-31 07:03:24'),
(263, 'SaKhaNa', '() ', '12', '2019-01-31 07:03:06', '2019-01-31 07:03:24'),
(264, 'SaKakha', '() ', '12', '2019-01-31 07:03:06', '2019-01-31 07:03:24'),
(265, 'SaKaNa', '() ', '12', '2019-01-31 07:03:06', '2019-01-31 07:03:24'),
(266, 'YaPaKa', '() ', '12', '2019-01-31 07:03:06', '2019-01-31 07:03:24'),
(267, 'YaPaTha', '() ', '12', '2019-01-31 07:03:06', '2019-01-31 07:03:24'),
(268, 'OuKaTa', '() ', '12', '2019-01-31 07:03:06', '2019-01-31 07:03:24'),
(269, 'TaKaNa', '() ', '12', '2019-01-31 07:03:06', '2019-01-31 07:03:24'),
(270, 'TaMaNa', '() ', '12', '2019-01-31 07:03:06', '2019-01-31 07:03:24'),
(271, 'ThaKaTa', '() ', '12', '2019-01-31 07:03:06', '2019-01-31 07:03:24'),
(272, 'ThaLaNa', '() ', '12', '2019-01-31 07:03:06', '2019-01-31 07:03:24'),
(273, 'ThaGaKa', '() ', '12', '2019-01-31 07:03:06', '2019-01-31 07:03:24'),
(274, 'ThaKhaNa', '() ', '12', '2019-01-31 07:03:06', '2019-01-31 07:03:24'),
(275, 'TaTaNa', '() ', '12', '2019-01-31 07:03:06', '2019-01-31 07:03:24'),
(276, 'YaKaNa', '() ', '12', '2019-01-31 07:03:06', '2019-01-31 07:03:24'),
(277, 'KhaYaHa', '()  ', '13', '2019-01-31 07:03:06', '2019-01-31 07:03:24'),
(278, 'HaPaTa', '() ', '13', '2019-01-31 07:03:06', '2019-01-31 07:03:24'),
(279, 'HaPaNa', '() ', '13', '2019-01-31 07:03:06', '2019-01-31 07:03:06'),
(280, 'KaLaNa', '() ', '13', '2019-01-31 07:03:06', '2019-01-31 07:03:24'),
(281, 'KaLaTa', '() ', '13', '2019-01-31 07:03:06', '2019-01-31 07:03:24'),
(282, 'KaHaNa', '() ', '13', '2019-01-31 07:03:06', '2019-01-31 07:03:24'),
(283, 'KaThaNa', '() ', '13', '2019-01-31 07:03:06', '2019-01-31 07:03:24'),
(284, 'KaTaTa', '() ', '13', '2019-01-31 07:03:06', '2019-01-31 07:03:24'),
(285, 'KaTaNa', '() ', '13', '2019-01-31 07:03:06', '2019-01-31 07:03:24'),
(286, 'KaMaNa', '() ', '13', '2019-01-31 07:03:06', '2019-01-31 07:03:24'),
(287, 'KaKhaNa', '() ', '13', '2019-01-31 07:03:06', '2019-01-31 07:03:24'),
(288, 'LaYaNa', '() ', '13', '2019-01-31 07:03:06', '2019-01-31 07:03:24'),
(289, 'LaKaNa', '() ', '13', '2019-01-31 07:03:06', '2019-01-31 07:03:24'),
(290, 'LaKhaTa', '() ', '13', '2019-01-31 07:03:06', '2019-01-31 07:03:24'),
(291, 'LaKhaNa', '() ', '13', '2019-01-31 07:03:06', '2019-01-31 07:03:24'),
(292, 'LaLaNa', '() ', '13', '2019-01-31 07:03:06', '2019-01-31 07:03:24'),
(293, 'MaBaNa', '() ', '13', '2019-01-31 07:03:06', '2019-01-31 07:03:24'),
(294, 'MaKaNa', '() ', '13', '2019-01-31 07:03:06', '2019-01-31 07:03:24'),
(295, 'MaKhaNa', '() ', '13', '2019-01-31 07:03:06', '2019-01-31 07:03:24'),
(296, 'MaPHaNa', '() ', '13', '2019-01-31 07:03:06', '2019-01-31 07:03:24'),
(297, 'MaPaTa', '() ', '13', '2019-01-31 07:03:06', '2019-01-31 07:03:24'),
(298, 'MaSaNa', '() ', '13', '2019-01-31 07:03:06', '2019-01-31 07:03:24'),
(299, 'MaYaNa', '() ', '13', '2019-01-31 07:03:06', '2019-01-31 07:03:24'),
(300, 'MaYaTa', '() ', '13', '2019-01-31 07:03:06', '2019-01-31 07:03:24'),
(301, 'MaTaTa', '() ', '13', '2019-01-31 07:03:06', '2019-01-31 07:03:24'),
(302, 'MaMaTa', '() ', '13', '2019-01-31 07:03:06', '2019-01-31 07:03:24'),
(303, 'MaNaNa', '() ', '13', '2019-01-31 07:03:06', '2019-01-31 07:03:06'),
(304, 'MaKaNa', '() ', '13', '2019-01-31 07:03:06', '2019-01-31 07:03:24'),
(305, 'MaSaTa', '() ', '13', '2019-01-31 07:03:06', '2019-01-31 07:03:24'),
(306, 'NaMaTa', '() ', '13', '2019-01-31 07:03:06', '2019-01-31 07:03:24'),
(307, 'NaKhaNa', '() ', '13', '2019-01-31 07:03:06', '2019-01-31 07:03:24'),
(308, 'NaSaNa', '() ', '13', '2019-01-31 07:03:06', '2019-01-31 07:03:24'),
(309, 'NaPaNa', '() ', '13', '2019-01-31 07:03:06', '2019-01-31 07:03:24'),
(310, 'NaKhaTa', '() ', '13', '2019-01-31 07:03:06', '2019-01-31 07:03:24'),
(311, 'NyaYaNa', '() ', '13', '2019-01-31 07:03:06', '2019-01-31 07:03:24'),
(312, 'PhaKhaNa', '() ', '13', '2019-01-31 07:03:06', '2019-01-31 07:03:24'),
(313, 'PaLaNa', '() ', '13', '2019-01-31 07:03:06', '2019-01-31 07:03:24'),
(314, 'PaTaYa', '() ', '13', '2019-01-31 07:03:06', '2019-01-31 07:03:24'),
(315, 'SaSaNa', '() ', '13', '2019-01-31 07:03:06', '2019-01-31 07:03:24'),
(316, 'YaNyaNa', '() ', '13', '2019-01-31 07:03:06', '2019-01-31 07:03:24'),
(317, 'TaYaNa', '() ', '13', '2019-01-31 07:03:06', '2019-01-31 07:03:24'),
(318, 'TaMaNya', '() ', '13', '2019-01-31 07:03:06', '2019-01-31 07:03:06'),
(319, 'TaKhaLa', '() ', '13', '2019-01-31 07:03:06', '2019-01-31 07:03:24'),
(320, 'TaLaNa', '() ', '13', '2019-01-31 07:03:06', '2019-01-31 07:03:24'),
(321, 'TaKaNa', '() ', '13', '2019-01-31 07:03:06', '2019-01-31 07:03:24'),
(322, 'ThaNaNa', '() ', '13', '2019-01-31 07:03:06', '2019-01-31 07:03:24'),
(323, 'ThaPaNa', '() ', '13', '2019-01-31 07:03:06', '2019-01-31 07:03:24'),
(324, 'YaNgaNa', '() ', '13', '2019-01-31 07:03:06', '2019-01-31 07:03:24'),
(325, 'YaSaNa', '() ', '13', '2019-01-31 07:03:06', '2019-01-31 07:03:24'),
(326, 'BaKaLa', '() ', '14', '2019-01-31 07:03:06', '2019-01-31 07:03:24'),
(327, 'DaNaPha', '() ', '14', '2019-01-31 07:03:06', '2019-01-31 07:03:24'),
(328, 'DaDaYa', '() ', '14', '2019-01-31 07:03:06', '2019-01-31 07:03:24'),
(329, 'PaThaYa', '() ()', '14', '2019-01-31 07:03:06', '2019-01-31 07:03:24'),
(330, 'AhMaNa', '() ', '14', '2019-01-31 07:03:06', '2019-01-31 07:03:24'),
(331, 'HaKaKa', '() ', '14', '2019-01-31 07:03:06', '2019-01-31 07:03:24'),
(332, 'HaThaTa', '() ', '14', '2019-01-31 07:03:06', '2019-01-31 07:03:24'),
(333, 'AhGaPa', '() ', '14', '2019-01-31 07:03:06', '2019-01-31 07:03:24'),
(334, 'KaNaNa', '() ', '14', '2019-01-31 07:03:06', '2019-01-31 07:03:24'),
(335, 'KaLaNa', '() ', '14', '2019-01-31 07:03:06', '2019-01-31 07:03:24'),
(336, 'KaKhaNa', '() ', '14', '2019-01-31 07:03:06', '2019-01-31 07:03:24'),
(337, 'KaKaNa', '() ', '14', '2019-01-31 07:03:06', '2019-01-31 07:03:24'),
(338, 'KaPaNa', '() ', '14', '2019-01-31 07:03:06', '2019-01-31 07:03:24'),
(339, 'LaPaTa', '() ', '14', '2019-01-31 07:03:06', '2019-01-31 07:03:24'),
(340, 'LaMaNa', '() ', '14', '2019-01-31 07:03:06', '2019-01-31 07:03:24'),
(341, 'MaAhPa', '() ', '14', '2019-01-31 07:03:06', '2019-01-31 07:03:24'),
(342, 'MaMaKa', '() ', '14', '2019-01-31 07:03:06', '2019-01-31 07:03:24'),
(343, 'MaAhaNa', '() ', '14', '2019-01-31 07:03:06', '2019-01-31 07:03:24'),
(344, 'MaMaNa', '() ', '14', '2019-01-31 07:03:06', '2019-01-31 07:03:24'),
(345, 'NgaPaTa', '() ', '14', '2019-01-31 07:03:06', '2019-01-31 07:03:24'),
(346, 'NgaThaKha', '() ', '14', '2019-01-31 07:03:06', '2019-01-31 07:03:24'),
(347, 'NyaTaNa', '() ', '14', '2019-01-31 07:03:06', '2019-01-31 07:03:24'),
(348, 'PaTaNa', '() ', '14', '2019-01-31 07:03:06', '2019-01-31 07:03:24'),
(349, 'PhaPaNa', '() ', '14', '2019-01-31 07:03:06', '2019-01-31 07:03:24'),
(350, 'ThaPaNa', '() ', '14', '2019-01-31 07:03:06', '2019-01-31 07:03:24'),
(351, 'WaKhaMa', '() ', '14', '2019-01-31 07:03:06', '2019-01-31 07:03:24'),
(352, 'PaThaNa', '() ()', '14', '2019-01-31 07:03:06', '2019-01-31 07:03:24'),
(353, 'YaKaNa', '() ', '14', '2019-01-31 07:03:06', '2019-01-31 07:03:24'),
(354, 'ZaLaNa', '() ', '14', '2019-01-31 07:03:06', '2019-01-31 07:03:24'),
(355, 'KaKaHta', '() ', '14', '2020-11-17 09:17:53', '2020-11-17 09:32:46'),
(356, 'KhaMaKa', ' ( )', '6', '2020-11-23 08:19:29', '2020-11-23 08:20:35'),
(357, 'KaMaTa', '() ', '1', '2020-11-25 16:54:12', '2020-11-25 16:54:12'),
(358, 'KaPaTa', '() ', '1', '2020-11-25 16:54:12', '2020-11-25 16:54:12'),
(359, 'MaLaNa', '() ', '1', '2020-11-25 16:54:12', '2020-11-25 16:54:12'),
(360, 'PaNaDa', '() ', '1', '2020-11-25 16:54:12', '2020-11-25 16:54:12'),
(361, 'PaWaNa', '() ', '1', '2020-11-25 16:54:12', '2020-11-25 16:54:12'),
(362, 'SaDaNa', '() ', '1', '2020-11-25 16:54:12', '2020-11-25 16:54:12'),
(363, 'YaBaYa', '() ', '1', '2020-11-25 16:54:12', '2020-11-25 16:54:12'),
(364, 'MaSaNa', '() ', '2', '2020-11-25 16:54:12', '2020-11-25 16:54:12'),
(365, 'YaThaNa', '() ', '2', '2020-11-25 16:54:12', '2020-11-25 16:54:12'),
(366, 'BaGaLa', '() ', '3', '2020-11-25 16:54:12', '2020-11-25 16:54:12'),
(367, 'BaThaSa', '() ', '3', '2020-11-25 16:54:12', '2020-11-25 16:54:12'),
(368, 'KaMaMa', '() ', '3', '2020-11-25 16:54:12', '2020-11-25 16:54:12'),
(369, 'LaThaNa', '() ', '3', '2020-11-25 16:54:12', '2020-11-25 16:54:12'),
(370, 'SaKaLa', '() ', '3', '2020-11-25 16:54:12', '2020-11-25 16:54:12'),
(371, 'ThaTaKa', '() ', '3', '2020-11-25 16:54:12', '2020-11-25 16:54:12'),
(372, 'WaLaMa', '() ', '3', '2020-11-25 16:54:12', '2020-11-25 16:54:12'),
(373, 'YaYaTha', '() ', '3', '2020-11-25 16:54:12', '2020-11-25 16:54:12'),
(374, 'KaKhaNa', '() ', '4', '2020-11-25 16:54:12', '2020-11-25 16:54:12'),
(375, 'SaMaNa', '() ', '4', '2020-11-25 16:54:12', '2020-11-25 16:54:12'),
(376, 'YaKhaDa', '() ', '4', '2020-11-25 16:54:12', '2020-11-25 16:54:12'),
(377, 'YaZaNa', '() ', '4', '2020-11-25 16:54:12', '2020-11-25 16:54:12'),
(378, 'DaHaNa', '() ', '5', '2020-11-25 16:54:12', '2020-11-25 16:54:12'),
(379, 'SaMaYa', '() ', '5', '2020-11-25 16:54:12', '2020-11-25 16:54:12'),
(380, 'HtaPaKha', '() ', '5', '2020-11-25 16:54:12', '2020-11-25 16:54:12'),
(381, 'KaMaNa', '() ', '5', '2020-11-25 16:54:12', '2020-11-25 16:54:12'),
(382, 'KhaPaNa', '() ', '5', '2020-11-25 16:54:12', '2020-11-25 16:54:12'),
(383, 'LaHaNa', '() ', '5', '2020-11-25 16:54:12', '2020-11-25 16:54:12'),
(384, 'LaYaNa', '() ', '5', '2020-11-25 16:54:12', '2020-11-25 16:54:12'),
(385, 'MaMaNa', '() ', '5', '2020-11-25 16:54:12', '2020-11-25 16:54:12'),
(386, 'MaPaLa', '() ', '5', '2020-11-25 16:54:12', '2020-11-25 16:54:12'),
(387, 'MaThaNa', '() ', '5', '2020-11-25 16:54:12', '2020-11-25 16:54:12'),
(388, 'PaSaNa', '() ', '5', '2020-11-25 16:54:12', '2020-11-25 16:54:12'),
(389, 'KaLaAh', '() ', '6', '2020-11-25 16:54:12', '2020-11-25 16:54:12'),
(390, 'KaYaYa', '() ', '6', '2020-11-25 16:54:12', '2020-11-25 16:54:12'),
(391, 'MaAhNa', '() ', '6', '2020-11-25 16:54:12', '2020-11-25 16:54:12'),
(392, 'PaKaMa', '() ', '6', '2020-11-25 16:54:12', '2020-11-25 16:54:12'),
(393, 'PaLaTa', '() ', '6', '2020-11-25 16:54:12', '2020-11-25 16:54:12'),
(394, 'KaWaNa', '() ', '7', '2020-11-25 16:54:12', '2020-11-25 16:54:12'),
(395, 'LaPATa', '() ', '7', '2020-11-25 16:54:12', '2020-11-25 16:54:12'),
(396, 'PaTaLa', '() ', '7', '2020-11-25 16:54:12', '2020-11-25 16:54:12'),
(397, 'KaHtaNa', '() ', '8', '2020-11-25 16:54:12', '2020-11-25 16:54:12'),
(398, 'NgaZaNa', '() ', '9', '2020-11-25 16:54:12', '2020-11-25 16:54:12'),
(399, 'PaBaNa', '() ', '9', '2020-11-25 16:54:12', '2020-11-25 16:54:12'),
(400, 'OoTaYa', '() ', '9', '2020-11-25 16:54:12', '2020-11-25 16:54:12'),
(401, 'KaKhaMa', '() ', '10', '2020-11-25 16:54:12', '2020-11-25 16:54:12'),
(402, 'KaTaLa', '() ', '11', '2020-11-25 16:54:12', '2020-11-25 16:54:12'),
(403, 'MaAhTa', '() ', '11', '2020-11-25 16:54:12', '2020-11-25 16:54:12'),
(404, 'TaPaWa', '() ', '11', '2020-11-25 16:54:12', '2020-11-25 16:54:12'),
(405, 'AhPaNa', '() ', '13', '2020-11-25 16:54:12', '2020-11-25 16:54:12'),
(406, 'AhTaNa', '() ', '13', '2020-11-25 16:54:12', '2020-11-25 16:54:12'),
(407, 'AhTaYa', '() ', '13', '2020-11-25 16:54:12', '2020-11-25 16:54:12'),
(408, 'HaHaNa', '() ', '13', '2020-11-25 16:54:12', '2020-11-25 16:54:12'),
(409, 'HaMaNa', '() ', '13', '2020-11-25 16:54:12', '2020-11-25 16:54:12'),
(410, 'KaLaHta', '() ', '13', '2020-11-25 16:54:12', '2020-11-25 16:54:12'),
(411, 'KaLaNa', '() ', '13', '2020-11-25 16:54:12', '2020-11-25 16:54:12'),
(412, 'MaHtaNa', '() ', '13', '2020-11-25 16:54:12', '2020-11-25 16:54:12'),
(413, 'MaKhaTa', '() ', '13', '2020-11-25 16:54:12', '2020-11-25 16:54:12'),
(414, 'MaNgaNa', '() ', '13', '2020-11-25 16:54:12', '2020-11-25 16:54:12'),
(415, 'MaPhaHta', '() ', '13', '2020-11-25 16:54:12', '2020-11-25 16:54:12'),
(416, 'NaTaYa', '() ', '13', '2020-11-25 16:54:12', '2020-11-25 16:54:12'),
(417, 'PaPaKa', '() ', '13', '2020-11-25 16:54:12', '2020-11-25 16:54:12'),
(418, 'PaWaNa', '() ', '13', '2020-11-25 16:54:12', '2020-11-25 16:54:12'),
(419, 'TaTaNa', '() ', '13', '2020-11-25 16:54:12', '2020-11-25 16:54:12'),
(420, 'AhMaTa', '() ', '14', '2020-11-25 16:54:12', '2020-11-25 16:54:12'),
(421, 'NgaYaKa', '() ', '14', '2020-11-25 16:54:12', '2020-11-25 16:54:12'),
(422, 'PaSaLa', '() ', '14', '2020-11-25 16:54:12', '2020-11-25 16:54:12'),
(423, 'YaThaYa', '() ', '14', '2020-11-25 16:54:12', '2020-11-25 16:54:12'),
(424, 'KhAaHsa', '() ', '9', '2020-12-21 09:39:30', '2020-12-21 09:39:30'),
(426, 'TaTaHta', ' ()', '12', '2020-12-31 08:30:10', '2020-12-31 08:30:10');

-- --------------------------------------------------------

--
-- Table structure for table `offices`
--

CREATE TABLE `offices` (
  `id` bigint(20) UNSIGNED NOT NULL,
  `name` text COLLATE utf8mb4_unicode_ci DEFAULT NULL,
  `location` text COLLATE utf8mb4_unicode_ci DEFAULT NULL,
  `created_at` timestamp NULL DEFAULT NULL,
  `updated_at` timestamp NULL DEFAULT NULL
) ENGINE=InnoDB DEFAULT CHARSET=utf8mb4 COLLATE=utf8mb4_unicode_ci;

--
-- Dumping data for table `offices`
--

INSERT INTO `offices` (`id`, `name`, `location`, `created_at`, `updated_at`) VALUES
(1, 'Max Success Co.,Ltd', NULL, NULL, NULL);

-- --------------------------------------------------------

--
-- Table structure for table `overseas_agencies`
--

CREATE TABLE `overseas_agencies` (
  `id` int(11) NOT NULL,
  `company_name` text COLLATE utf8mb4_unicode_ci DEFAULT NULL,
  `type_of_company` text COLLATE utf8mb4_unicode_ci DEFAULT NULL,
  `company_phone` text COLLATE utf8mb4_unicode_ci DEFAULT NULL,
  `company_email` text COLLATE utf8mb4_unicode_ci DEFAULT NULL,
  `company_address` text COLLATE utf8mb4_unicode_ci DEFAULT NULL,
  `countrie_id` text COLLATE utf8mb4_unicode_ci DEFAULT NULL,
  `created_at` timestamp NULL DEFAULT NULL,
  `updated_at` timestamp NULL DEFAULT NULL,
  `contact` text COLLATE utf8mb4_unicode_ci DEFAULT NULL,
  `remark` text COLLATE utf8mb4_unicode_ci DEFAULT NULL
) ENGINE=InnoDB DEFAULT CHARSET=utf8mb4 COLLATE=utf8mb4_unicode_ci;

--
-- Dumping data for table `overseas_agencies`
--

INSERT INTO `overseas_agencies` (`id`, `company_name`, `type_of_company`, `company_phone`, `company_email`, `company_address`, `countrie_id`, `created_at`, `updated_at`, `contact`, `remark`) VALUES
(1, 'SMC AUTOMATION Sdn Bhd', 'Electrical Accessories', '+60 3-56350590', 'sales@smcmy.com.my', 'Lot 36~37, Jalan Delima 1/1, Subang Hi-Tech Industrial Park,47500 Subang Jaya,Selangor,Malaysia.', '2', '2023-04-03 22:17:26', '2023-04-23 03:48:37', 'Mgsw', 'Test'),
(2, 'ABC Co.,Ltd', 'Construction Company', '09555161776', 'abc@gmail.com', 'Malaysia', '2', '2023-04-23 03:19:44', '2023-04-23 03:48:20', 'U Dawsia', 'Construction Company'),
(3, 'Thailand Company', NULL, NULL, NULL, 'Thailand Company', '2', '2023-04-23 03:20:37', '2023-04-23 03:20:37', NULL, NULL);

-- --------------------------------------------------------

--
-- Table structure for table `passports`
--

CREATE TABLE `passports` (
  `id` int(11) NOT NULL,
  `name` varchar(255) COLLATE utf8mb4_unicode_ci NOT NULL,
  `father_name` varchar(255) COLLATE utf8mb4_unicode_ci DEFAULT NULL,
  `nrc` varchar(255) COLLATE utf8mb4_unicode_ci DEFAULT NULL,
  `date_of_birth` varchar(255) COLLATE utf8mb4_unicode_ci DEFAULT NULL,
  `passport` varchar(255) COLLATE utf8mb4_unicode_ci DEFAULT NULL,
  `passport_date` varchar(255) COLLATE utf8mb4_unicode_ci DEFAULT NULL,
  `local_agent_name` varchar(255) COLLATE utf8mb4_unicode_ci DEFAULT NULL,
  `phone` varchar(255) COLLATE utf8mb4_unicode_ci DEFAULT NULL,
  `address` varchar(255) COLLATE utf8mb4_unicode_ci DEFAULT NULL,
  `gender` varchar(255) COLLATE utf8mb4_unicode_ci DEFAULT NULL,
  `remark` varchar(255) COLLATE utf8mb4_unicode_ci DEFAULT NULL,
  `created_at` timestamp NULL DEFAULT NULL,
  `updated_at` timestamp NULL DEFAULT NULL,
  `join_date` varchar(255) COLLATE utf8mb4_unicode_ci DEFAULT NULL,
  `owic` text COLLATE utf8mb4_unicode_ci DEFAULT NULL,
  `owic_date` text COLLATE utf8mb4_unicode_ci DEFAULT NULL,
  `reject_status` text COLLATE utf8mb4_unicode_ci DEFAULT NULL,
  `reject_date` text COLLATE utf8mb4_unicode_ci DEFAULT NULL,
  `reject_reason` text COLLATE utf8mb4_unicode_ci DEFAULT NULL,
  `place_of_passport` text COLLATE utf8mb4_unicode_ci DEFAULT NULL,
  `agent_list_id` int(11) DEFAULT NULL,
  `mother_name` text COLLATE utf8mb4_unicode_ci DEFAULT NULL,
  `go_date` text COLLATE utf8mb4_unicode_ci DEFAULT NULL,
  `go_reason` text COLLATE utf8mb4_unicode_ci DEFAULT NULL,
  `entry_date` text COLLATE utf8mb4_unicode_ci DEFAULT NULL,
  `nation_religion` text COLLATE utf8mb4_unicode_ci DEFAULT NULL,
  `region_state` text COLLATE utf8mb4_unicode_ci DEFAULT NULL,
  `labour_code` text COLLATE utf8mb4_unicode_ci DEFAULT NULL,
  `age` text COLLATE utf8mb4_unicode_ci DEFAULT NULL,
  `photo` text COLLATE utf8mb4_unicode_ci DEFAULT NULL,
  `nrc_front` text COLLATE utf8mb4_unicode_ci DEFAULT NULL,
  `nrc_back` text COLLATE utf8mb4_unicode_ci DEFAULT NULL,
  `passport_expiry_date` text COLLATE utf8mb4_unicode_ci DEFAULT NULL,
  `qualification` text COLLATE utf8mb4_unicode_ci DEFAULT NULL,
  `weight` text COLLATE utf8mb4_unicode_ci DEFAULT NULL,
  `height` text COLLATE utf8mb4_unicode_ci DEFAULT NULL,
  `tatto` text COLLATE utf8mb4_unicode_ci DEFAULT NULL,
  `smoking` text COLLATE utf8mb4_unicode_ci DEFAULT NULL,
  `alcohol` text COLLATE utf8mb4_unicode_ci DEFAULT NULL,
  `prominent_sign` text COLLATE utf8mb4_unicode_ci DEFAULT NULL,
  `working_experience` text COLLATE utf8mb4_unicode_ci DEFAULT NULL,
  `selected_country` text COLLATE utf8mb4_unicode_ci DEFAULT NULL,
  `labour_card_no` text COLLATE utf8mb4_unicode_ci DEFAULT NULL,
  `issue_of_labour_date` text COLLATE utf8mb4_unicode_ci DEFAULT NULL,
  `identification_card` text COLLATE utf8mb4_unicode_ci DEFAULT NULL,
  `issue_date_of_id_card` text COLLATE utf8mb4_unicode_ci DEFAULT NULL,
  `son` text COLLATE utf8mb4_unicode_ci DEFAULT NULL,
  `son_age` text COLLATE utf8mb4_unicode_ci DEFAULT NULL,
  `daughter` text COLLATE utf8mb4_unicode_ci DEFAULT NULL,
  `daughter_age` text COLLATE utf8mb4_unicode_ci DEFAULT NULL,
  `address_line_one` text COLLATE utf8mb4_unicode_ci DEFAULT NULL,
  `phone_family` text COLLATE utf8mb4_unicode_ci DEFAULT NULL,
  `name_of_heir` text COLLATE utf8mb4_unicode_ci DEFAULT NULL,
  `relative` text COLLATE utf8mb4_unicode_ci DEFAULT NULL,
  `nrc_of_heir` text COLLATE utf8mb4_unicode_ci DEFAULT NULL,
  `passport_cost` text COLLATE utf8mb4_unicode_ci DEFAULT NULL,
  `car_charges` text COLLATE utf8mb4_unicode_ci DEFAULT NULL,
  `passport_register_status` text COLLATE utf8mb4_unicode_ci DEFAULT NULL,
  `user_id` text COLLATE utf8mb4_unicode_ci DEFAULT NULL,
  `marital_status` text COLLATE utf8mb4_unicode_ci DEFAULT NULL,
  `leader` text COLLATE utf8mb4_unicode_ci DEFAULT NULL,
  `nrc_code` text COLLATE utf8mb4_unicode_ci DEFAULT NULL,
  `nrc_name` text COLLATE utf8mb4_unicode_ci DEFAULT NULL,
  `nrc_type` text COLLATE utf8mb4_unicode_ci DEFAULT NULL,
  `nrc_number` text COLLATE utf8mb4_unicode_ci DEFAULT NULL,
  `dob_year` text COLLATE utf8mb4_unicode_ci DEFAULT NULL,
  `dob_month` text COLLATE utf8mb4_unicode_ci DEFAULT NULL,
  `dob_day` text COLLATE utf8mb4_unicode_ci DEFAULT NULL
) ENGINE=InnoDB DEFAULT CHARSET=utf8mb4 COLLATE=utf8mb4_unicode_ci;

--
-- Dumping data for table `passports`
--

INSERT INTO `passports` (`id`, `name`, `father_name`, `nrc`, `date_of_birth`, `passport`, `passport_date`, `local_agent_name`, `phone`, `address`, `gender`, `remark`, `created_at`, `updated_at`, `join_date`, `owic`, `owic_date`, `reject_status`, `reject_date`, `reject_reason`, `place_of_passport`, `agent_list_id`, `mother_name`, `go_date`, `go_reason`, `entry_date`, `nation_religion`, `region_state`, `labour_code`, `age`, `photo`, `nrc_front`, `nrc_back`, `passport_expiry_date`, `qualification`, `weight`, `height`, `tatto`, `smoking`, `alcohol`, `prominent_sign`, `working_experience`, `selected_country`, `labour_card_no`, `issue_of_labour_date`, `identification_card`, `issue_date_of_id_card`, `son`, `son_age`, `daughter`, `daughter_age`, `address_line_one`, `phone_family`, `name_of_heir`, `relative`, `nrc_of_heir`, `passport_cost`, `car_charges`, `passport_register_status`, `user_id`, `marital_status`, `leader`, `nrc_code`, `nrc_name`, `nrc_type`, `nrc_number`, `dob_year`, `dob_month`, `dob_day`) VALUES
(1, 'NYEIN NYEIN EI SOE', 'U HLA THAUNG', '2/KhaMaNa(A)109103', '2011.4.3', 'MG454177', '10.09.2022', '', '09666096045', '', 'male', 'Remark Test', '2023-04-03 23:20:15', '2023-04-18 20:09:51', '2023-04-19', '', '', NULL, NULL, NULL, 'Yangon', 1, 'Daw Tin Hla', NULL, '', NULL, 'BURMESE,BUDDHA', NULL, 'NGW-LB-000001', '27yrs', '', '', '', '09.09.2027', NULL, '(lb)(lb)(lb)(lb)(lb)(lb)(lb)(lb)(lb)(lb)', '(kg)(kg)(kg)(kg)(kg)(kg)(kg)(kg)(kg)(kg)', 'No', 'No', 'No', NULL, NULL, '2', NULL, NULL, NULL, NULL, 'No', NULL, 'No', NULL, NULL, NULL, NULL, NULL, NULL, '0', '0', NULL, '1', 'Single', NULL, '2', 'KhaMaNa', '(A)', '109103', '2011', '4', '3'),
(2, 'AYE YU NAING Soe', 'U THAN NAING', '8/AhLaNa(N)262310', '1931.2.3', 'MG552674', '27.09.2022', '', '890924213', '', 'female', NULL, '2023-04-04 06:50:02', '2023-04-18 20:10:20', '2023-04-19', '', '', NULL, NULL, NULL, 'YANGON', 1, NULL, NULL, '', '15.10.2021', 'BURMESE,BUDDHA', NULL, 'NGW-LB-000002', '18yrs', '', '', '', '26.09.2027', NULL, '(lb)(lb)(lb)(lb)(lb)(lb)(lb)(lb)(lb)(lb)(lb)(lb)(lb)', '5\'2\"(kg)(kg)(kg)(kg)(kg)(kg)(kg)(kg)(kg)(kg)(kg)(kg)(kg)', 'No', 'No', 'No', '', NULL, '2', NULL, NULL, NULL, NULL, 'No', NULL, 'No', NULL, NULL, NULL, NULL, NULL, NULL, '0', '0', NULL, '1', 'Single', NULL, '8', 'AhLaNa', '(N)', '262310', '1931', '2', '3'),
(3, 'MAY THUZAR HTUN', 'U THAN HTAY', '12/AhSaNa(N)241211', '2000.3.16', 'MG097147', '30.06.2022', '', '943933321', '', 'female', NULL, '2023-04-04 07:00:44', '2023-04-04 07:00:44', '2023-04-04', '', '', NULL, NULL, NULL, 'YANGON', 1, 'DAW SAN SAN KYU', NULL, '', '17.10.2022', 'BURMESE,BUDDHA', NULL, 'NGW-LB-000003', '22Yrs', '', '', '', '29.06.2027', NULL, '(lb)', '5\'2\"(kg)', 'No', 'No', 'No', '', NULL, '2', NULL, NULL, NULL, NULL, 'No', NULL, 'No', NULL, NULL, NULL, NULL, NULL, NULL, NULL, NULL, NULL, '1', 'Single', NULL, '12', 'AhSaNa', '(N)', '241211', '2000', '3', '16'),
(4, 'WAI WAI LWIN', 'U AUNG PITE', '8/AhLaNa(N)252009', '2002.11.8', 'MF770139', '02.04.2022', '', '680373220', '', 'female', NULL, '2023-04-04 07:10:09', '2023-04-04 07:10:09', '2023-04-04', '', '', NULL, NULL, NULL, 'YANGON', 1, 'DAW KYI THAN', NULL, '', '15.10.2022', 'BURMESE,BUDDHA', NULL, 'NGW-LB-000004', '20Yrs', '', '', '', '01.04.2027', NULL, '(lb)', '5\'2\"(kg)', 'No', 'No', 'No', '', NULL, '2', NULL, NULL, NULL, NULL, 'No', NULL, 'No', NULL, NULL, NULL, NULL, NULL, NULL, NULL, NULL, NULL, '1', 'Single', NULL, '8', 'AhLaNa', '(N)', '252009', '2002', '11', '8'),
(5, 'SWE MOE OO', 'U THAN NAING', '8/AhLaNa(N)261942', '2004.5.9', 'MG552872', '27.09.2022', '', '890924213', '', 'female', NULL, '2023-04-04 07:17:44', '2023-04-04 07:17:44', '2023-04-04', '', '', NULL, NULL, NULL, 'YANGON', 1, 'DAW YI YI NAING', NULL, '', '15.10.2022', 'BURMESE,BUDDHA', NULL, 'NGW-LB-000005', '18Yrs', '', '', '', '26.09.2027', NULL, '(lb)', '5\'(kg)', 'No', 'No', 'No', '', NULL, '3', NULL, NULL, NULL, NULL, 'No', NULL, 'No', NULL, NULL, NULL, NULL, NULL, NULL, NULL, NULL, NULL, '1', 'Single', NULL, '8', 'AhLaNa', '(N)', '261942', '2004', '5', '9'),
(6, 'HNIN HNIN KHAING', 'U THAN HTWE', '8/AhLaNa(N)140349', '1989.3.30', 'MF770140', '02.04.2022', '', '685453215', '', 'female', NULL, '2023-04-04 07:36:17', '2023-04-04 07:36:17', '2023-04-04', '', '', NULL, NULL, NULL, 'YANGON', 1, NULL, NULL, '', '15.10.2022', 'BURMESE,BUDDHA', NULL, 'NGW-LB-000006', '33Yrs', '', '', '', '01.04.2027', NULL, '(lb)', '5\'(kg)', 'No', 'No', 'No', '', NULL, '3', NULL, NULL, NULL, NULL, 'No', NULL, 'No', NULL, NULL, NULL, NULL, NULL, NULL, NULL, NULL, NULL, '1', 'Single', NULL, '8', 'AhLaNa', '(N)', '140349', '1989', '3', '30'),
(7, 'OHNMAR SHWE', 'U AUNG PITE', '8/AhLaNa(N)136461', '1990.8.21', 'MF983571', '03.06.2022', '', '671801315', '', 'female', NULL, '2023-04-04 08:14:16', '2023-04-04 08:14:16', '2023-04-04', '', '', NULL, NULL, NULL, 'YANGON', 1, NULL, NULL, '', '15.10.2022', 'BURMESE,BUDDHA', NULL, 'NGW-LB-000007', '32Yrs', '', '', '', '02.06.2027', NULL, '(lb)', '5\'2\"(kg)', 'No', 'No', 'No', '', NULL, '2', NULL, NULL, NULL, NULL, 'No', NULL, 'No', NULL, NULL, NULL, NULL, NULL, NULL, NULL, NULL, NULL, '1', 'Single', NULL, '8', 'AhLaNa', '(N)', '136461', '1990', '8', '21'),
(8, 'HLA MYO KHAING', 'U SOE MYINT', '8/AhLaNa(N)136393', '1991.4.17', 'MG566029', '30.09.2022', '', '450965494', '', 'female', NULL, '2023-04-05 00:01:28', '2023-04-06 00:09:55', '2023-04-05', NULL, NULL, NULL, NULL, NULL, 'YANGON', 1, 'DAW TIN HLA', NULL, '', NULL, 'BURMESE,BUDDHA', NULL, 'NGW-LB-000008', '31Yrs', '', '', '', '29.09.2027', NULL, '(lb)', '5\'2\"(kg)', 'No', 'No', 'No', '', NULL, '3', NULL, NULL, NULL, NULL, 'No', NULL, 'No', NULL, NULL, NULL, NULL, NULL, NULL, NULL, NULL, NULL, '1', 'Single', NULL, '8', 'AhLaNa', '(N)', '136393', '1991', '4', '17'),
(9, 'WIA WIA LWIN', 'U HLA WAI', '8/AhLaNa(N)198924', '1995.4.12', 'MG 439491', '07.09.2022', '', '953809586', NULL, 'female', NULL, '2023-04-06 00:50:12', '2023-04-06 00:50:12', '2023-04-06', '', '', NULL, NULL, NULL, 'YANGON', 1, 'DAW MYA KYI', NULL, '', '15.10.2022', 'BURMESE/BUDDHA', NULL, 'NGW-LB-000009', '27Yar', '', '', '', '06.09.2027', NULL, '(lb)', '4\'11\"(kg)', 'No', 'No', 'No', '', NULL, '1', NULL, NULL, NULL, NULL, 'No', NULL, 'No', NULL, '', NULL, NULL, NULL, NULL, NULL, NULL, '', '1', 'Single', NULL, '8', 'AhLaNa', '(N)', '198924', '1995', '4', '12'),
(11, 'SHWE AU', 'U MAR DIN', '8/AhLaNa(N)198194', '1999.7.9', 'MG 932444', '18.05.2022', '', '687204915', NULL, 'female', NULL, '2023-04-06 01:04:35', '2023-04-06 01:04:35', '2023-04-06', '', '', NULL, NULL, NULL, 'YANGON', 1, 'DAW OHMMAR', NULL, '', '15.10.2022', 'BURMESE/BUDDHA', NULL, 'NGW-LB-000010', '23Yar', '', '', '', '17.05.2027', NULL, '(lb)', '4\'9\"(kg)', 'No', 'No', 'No', '', NULL, '1', NULL, NULL, NULL, NULL, 'No', NULL, 'No', NULL, '  ', NULL, NULL, NULL, NULL, NULL, NULL, '', '1', 'Single', NULL, '8', 'AhLaNa', '(N)', '198194', '1999', '7', '9'),
(12, 'MAY THU TUN', 'U KYI HLAING', '8/AhLaNa(N)237285', '2000.5.15', 'MG 451169', '09.09.2022', '', '457116804', NULL, 'female', NULL, '2023-04-06 01:17:16', '2023-04-06 01:17:16', '2023-04-06', '', '', NULL, NULL, NULL, 'YANGON', 1, 'DAW AYE NAING', NULL, '', '15.10.2022', 'BURMESE/BUDDHA', NULL, 'NGW-LB-000011', '22Yar', '', '', '', '08.09.2027', NULL, '(lb)', '5\'1\"(kg)', 'No', 'No', 'No', '', NULL, '1', NULL, NULL, NULL, NULL, 'No', NULL, 'No', NULL, '', NULL, NULL, NULL, NULL, NULL, NULL, '', '1', 'Single', NULL, '8', 'AhLaNa', '(N)', '237285', '2000', '5', '15'),
(13, 'THEINT THEINT NYEIN', 'U THAN HTAY', '9/PaBaNa(N)190447', '1990.4.28', 'MG 974980', '01.06.2022', '', '694653197', NULL, 'female', NULL, '2023-04-06 01:32:58', '2023-04-06 01:32:58', '2023-04-06', '', '', NULL, NULL, NULL, 'YANGON', 1, 'DAW MYINT SEIN', NULL, '', '15.10.2022', 'BURMESE/BUDDHA', NULL, 'NGW-LB-000012', '32', '', '', '', '31.05.2027', NULL, '(lb)', '5\'(kg)', 'No', 'No', 'No', '', NULL, '1', NULL, NULL, NULL, NULL, 'No', NULL, 'No', NULL, '  ', NULL, NULL, NULL, NULL, NULL, NULL, '', '1', 'Single', NULL, '9', 'PaBaNa', '(N)', '190447', '1990', '4', '28'),
(14, 'NAW THAY EH PHAW', 'U SAW AUNG TUN', '7/KaTaKha(N)208889', '1999.6.1', 'MG 498306', '14.09.2022', '', '954756971', NULL, 'female', NULL, '2023-04-06 01:44:55', '2023-04-06 01:44:55', '2023-04-06', '', '', NULL, NULL, NULL, NULL, 1, 'DAW NAW AE MAY', NULL, '', '15.10.2022', 'KAYIN', NULL, 'NGW-LB-000013', NULL, '', '', '', '13.09.2027', NULL, '(lb)', '(kg)', 'No', 'No', 'No', '', NULL, '1', NULL, NULL, NULL, NULL, 'No', NULL, 'No', NULL, '  ', NULL, NULL, NULL, NULL, NULL, NULL, '', '1', 'Single', NULL, '7', 'KaTaKha', '(N)', '208889', '1999', '6', '1'),
(15, 'ZON LAY PHYU', 'U THAN AUNG', '8/SaPaWa(N)099721', '1992.1.12', 'MG 600935', '08.10.2022', '', '400729248', NULL, 'female', NULL, '2023-04-07 21:02:16', '2023-04-07 21:02:16', '2023-04-08', '', '', NULL, NULL, NULL, 'YANGON', 1, 'DAW KYU KYU WIN', NULL, '', '18.10.2022', 'BURMESE/BUDDHA', NULL, 'NGW-LB-000014', '30Yar', '', '', '', '07.10.2022', NULL, '(lb)', '4\'10\"(kg)', 'No', 'No', 'No', '', NULL, '1', NULL, NULL, NULL, NULL, 'No', NULL, 'No', NULL, '', NULL, NULL, NULL, NULL, NULL, NULL, '', '1', 'Single', NULL, '8', 'SaPaWa', '(N)', '099721', '1992', '1', '12'),
(16, 'ZIN MAR THET', 'U TIN TUN', '9/PaBaTha(N)018504', '2003.9.1', 'MG115268', '05.07.2022', '', '695165574', '', 'female', NULL, '2023-04-07 21:11:07', '2023-04-07 21:21:36', '2023-04-08', NULL, NULL, NULL, NULL, NULL, 'YANGON', 1, 'DAW HLA PU', NULL, '', NULL, 'BURMESE,BUDDHA', '', 'NGW-LB-000015', '19Yrs', '', '', '', '04.07.2027', NULL, '(lb)', '5\'1\"(kg)', 'No', 'No', 'No', 'BURMESE,BUDDHA', NULL, '1', NULL, NULL, NULL, NULL, 'No', NULL, 'No', NULL, NULL, NULL, NULL, NULL, NULL, NULL, NULL, '', '1', 'Single', NULL, '9', 'PaBaTha', '(N)', '018504', '2003', '9', '1'),
(17, 'HNIN NU HTWE', 'U NYUNT KHIN', '9/KaSaNa(N)211154', 'year.month.day', 'MG339885', '22.08.2022', '', '791329920', NULL, 'female', NULL, '2023-04-07 21:18:48', '2023-04-07 21:18:48', '2023-04-08', '', '', NULL, NULL, NULL, 'YANGON', 1, NULL, NULL, '', '03.09.2022', 'BUMESE,BUDDHA', NULL, 'NGW-LB-000016', '24Yrs', '', '', '', '21.08.2027', NULL, '(lb)', '5\'2\"(kg)', 'No', 'No', 'No', '', NULL, '1', NULL, NULL, NULL, NULL, 'No', NULL, 'No', NULL, '', NULL, NULL, NULL, NULL, NULL, NULL, '', '1', 'Single', NULL, '9', 'KaSaNa', '(N)', '211154', 'year', 'month', 'day'),
(18, 'SU SU MAR', 'U AUNG YI', '9/KaSaNa(N)194120', '1986.7.18', 'MG340254', '22.08.2022', '', '784190812', NULL, 'female', NULL, '2023-04-07 21:29:05', '2023-04-07 21:29:05', '2023-04-08', '', '', NULL, NULL, NULL, 'YANGON', 1, NULL, NULL, '', '03.09.2022', 'BURMESE.BUDDHA', NULL, 'NGW-LB-000017', '37Yrs', '', '', '', '21.08.2027', NULL, '(lb)', '5\'3\"(kg)', 'No', 'No', 'No', '', NULL, '1', NULL, NULL, NULL, NULL, 'No', NULL, 'No', NULL, '', NULL, NULL, NULL, NULL, NULL, NULL, '', '1', 'Single', NULL, '9', 'KaSaNa', '(N)', '194120', '1986', '7', '18'),
(19, 'THAN THAN SINT', 'U TIN SAUNG', '9/KaSaNa(N)148809', '1987.6.30', 'MG340248', '22.08.2022', '', '784085927', NULL, 'female', NULL, '2023-04-07 21:38:45', '2023-04-07 21:38:45', '2023-04-08', '', '', NULL, NULL, NULL, 'YANGON', 1, NULL, NULL, '', '03.09.2022', 'BURMESE,BUDDHA', NULL, 'NGW-LB-000018', '36Yrs', '', '', '', '21.08.2027', NULL, '(lb)', '5\'3\"(kg)', 'No', 'No', 'No', '', NULL, '1', NULL, NULL, NULL, NULL, 'No', NULL, 'No', NULL, '()', NULL, NULL, NULL, NULL, NULL, NULL, '', '1', 'Single', NULL, '9', 'KaSaNa', '(N)', '148809', '1987', '6', '30'),
(20, 'MYO MYO SAN', 'U MYA YAN', '9/KaSaNa(N)211507', '1995.4.21', 'MG339894', '22.08.2022', '', '789709051', NULL, 'female', NULL, '2023-04-07 21:45:15', '2023-04-07 21:45:15', '2023-04-08', '', '', NULL, NULL, NULL, 'YANGON', 1, NULL, NULL, '', '03.09.2022', 'BURMESE,BUDDHA', NULL, 'NGW-LB-000019', '28Yrs', '', '', '', '21.08.2027', NULL, '(lb)', '5\'(kg)', 'No', 'No', 'No', '', NULL, '1', NULL, NULL, NULL, NULL, 'No', NULL, 'No', NULL, '', NULL, NULL, NULL, NULL, NULL, NULL, '', '1', 'Single', NULL, '9', 'KaSaNa', '(N)', '211507', '1995', '4', '21'),
(21, 'KYI KYI THIN', 'U KYAW SINT', '9/KaSaNa(N)211207', '1999.2.15', 'MG 340266', '22.08.2022', '', '740996056', NULL, 'female', NULL, '2023-04-07 21:56:49', '2023-04-07 21:56:49', '2023-04-08', '', '', NULL, NULL, NULL, 'YANGON', 1, NULL, NULL, '', '03.09.2022', 'BURMESE/BUDDHA', NULL, 'NGW-LB-000020', '24Yar', '', '', '', '21.08.2027', NULL, '(lb)', '5\'3\"(kg)', 'No', 'No', 'No', '', NULL, '1', NULL, NULL, NULL, NULL, 'No', NULL, 'No', NULL, '', NULL, NULL, NULL, NULL, NULL, NULL, '', '1', 'Single', NULL, '9', 'KaSaNa', '(N)', '211207', '1999', '2', '15'),
(22, 'THIRI WAI', 'U MAUNG MYINT', '8/AhLaNa(N)226244', '2001.2.15', 'MG 571778', '01.10.2022', '', '892175366', NULL, 'female', NULL, '2023-04-07 22:07:45', '2023-04-07 22:07:45', '2023-04-08', '', '', NULL, NULL, NULL, 'YANGON', 1, 'DAW SAN SAN WAI', NULL, '', '26.10.2022', 'BURMESE/BUDDHA', NULL, 'NGW-LB-000021', '21Yar', '', '', '', '30.09.2027', NULL, '(lb)', '5\'1\"(kg)', 'No', 'No', 'No', '', NULL, '1', NULL, NULL, NULL, NULL, 'No', NULL, 'No', NULL, ' ', NULL, NULL, NULL, NULL, NULL, NULL, '', '1', 'Single', NULL, '8', 'AhLaNa', '(N)', '226244', '2001', '2', '15'),
(23, 'NAN EI EI MOE', 'U AUNG THEIN', '7/DaOuNa(N)147145', '1995.5.8', 'MG 370017', '29.08.2022', '', '688023929', NULL, 'female', NULL, '2023-04-07 22:22:09', '2023-04-07 22:22:09', '2023-04-08', '', '', NULL, NULL, NULL, 'YANGON', 1, 'DAW THEIN YI', NULL, '', '28.10.2022', 'PAOHH/BUDDHA', NULL, 'NGW-LB-000022', '27Yar', '', '', '', '28.08.2027', NULL, '(lb)', '5\'(kg)', 'No', 'No', 'No', '', NULL, '1', NULL, NULL, NULL, NULL, 'No', NULL, 'No', NULL, '', NULL, NULL, NULL, NULL, NULL, NULL, '', '1', 'Single', NULL, '7', 'DaOuNa', '(N)', '147145', '1995', '5', '8'),
(24, 'KHAING SHWE OO', 'U SAN MYINT', '7/PaKhaNa(N)320492', '1991.9.23', 'MG 757513', '29.03.2022', '', '975424780', NULL, 'female', NULL, '2023-04-07 23:01:43', '2023-04-07 23:01:43', '2023-04-08', '', '', NULL, NULL, NULL, 'YANGON', 1, 'DAW SAN AYE', NULL, '', '28.10.2022', 'BURMESE/BUDDHA', NULL, 'NGW-LB-000023', '31Yar', '', '', '', '28.03.2027', NULL, '(lb)', '5\'(kg)', 'No', 'No', 'No', '', NULL, '1', NULL, NULL, NULL, NULL, 'No', NULL, 'No', NULL, '', NULL, NULL, NULL, NULL, NULL, NULL, '', '1', 'Single', NULL, '7', 'PaKhaNa', '(N)', '320492', '1991', '9', '23'),
(25, 'NAN SAM SAM MON', 'U AUNG KHIN', '7/DaOuNa(N)111256', '1988.8.28', 'MG 055502', '20.06.2022', '', '402333693', NULL, 'female', NULL, '2023-04-07 23:09:58', '2023-04-07 23:09:58', '2023-04-08', '', '', NULL, NULL, NULL, 'YANGON', 1, 'DAW PAN KYI', NULL, NULL, '28.10.2022', 'PAOHH/ BUDDHA', NULL, 'NGW-LB-000024', '34Yar', '', '', '', '19.06.2027', NULL, '(lb)', '5\'4\"(kg)', 'No', 'No', 'No', '', NULL, '1', NULL, NULL, NULL, NULL, 'No', NULL, 'No', NULL, '', NULL, NULL, NULL, NULL, NULL, NULL, '', '1', 'Single', NULL, '7', 'DaOuNa', '(N)', '111256', '1988', '8', '28'),
(26, 'THET PHOO WAI', 'U MAUNG MYINT', '8/AhLaNa(N)233719', '2004.3.4', 'MG 571779', '01.10.2022', '', '458175922', NULL, 'female', NULL, '2023-04-07 23:18:18', '2023-04-07 23:18:18', '2023-04-08', '', '', NULL, NULL, NULL, 'YANGON', 1, 'DAW SAN SAN WAI', NULL, '', '26.10.2022', 'BURMESE/BUDDHA', NULL, 'NGW-LB-000025', '18Yar', '', '', '', '30.09.2027', NULL, '(lb)', '5\'4\"(kg)', 'No', 'No', 'No', '', NULL, '1', NULL, NULL, NULL, NULL, 'No', NULL, 'No', NULL, '', NULL, NULL, NULL, NULL, NULL, NULL, '', '1', 'Single', NULL, '8', 'AhLaNa', '(N)', '233719', '2004', '3', '4'),
(27, 'KYAWT KYAWT THEIN', 'U TIN THEIN', '12/DaGaTa(N)065864', '1988.2.5', 'MG 865218', '29.04.2022', '', '981887588', NULL, 'female', NULL, '2023-04-09 08:04:18', '2023-04-09 08:04:18', '2023-04-09', '', '', NULL, NULL, NULL, 'YANGON', 1, 'DAW YE YE PYON', NULL, '', '31.10.2022', 'BURMESE/BUDDHA', NULL, 'NGW-LB-000026', '34Yar', '', '', '', '28.04.2027', NULL, '(lb)', '5\'1\"(kg)', 'No', 'No', 'No', '', NULL, '1', NULL, NULL, NULL, NULL, 'No', NULL, 'No', NULL, '/()', NULL, NULL, NULL, NULL, NULL, NULL, '', '1', 'Single', NULL, '12', 'DaGaTa', '(N)', '065864', '1988', '2', '5'),
(28, 'LWIN LWIN AYE', 'U MYINT LWIN', '7/PaKhaNa(N)381628', '1995.1.4', 'MG757514', '29.03.2022', '', '754724780', NULL, 'female', NULL, '2023-04-09 08:27:35', '2023-04-09 08:27:35', '2023-04-09', '', '', NULL, NULL, NULL, 'YANGON', 1, 'DAW NAN', NULL, '', '11.11.2022', 'BURMESE/BUDDHA', NULL, 'NGW-LB-000027', '27Yar', '', '', '', '28.03.2027', NULL, '(lb)', '5\'1\"(kg)', 'No', 'No', 'No', '', NULL, '1', NULL, NULL, NULL, NULL, 'No', NULL, 'No', NULL, '', NULL, NULL, NULL, NULL, NULL, NULL, '', '1', 'Single', NULL, '7', 'PaKhaNa', '(N)', '381628', '1995', '1', '4'),
(29, 'THWET THWET SAN', 'U SAN MAUNG', '12/TaMaNa(N)107990', '1992.6.26', 'MG 386365', '30.08.2022', '', '774934078', NULL, 'female', NULL, '2023-04-09 08:38:30', '2023-04-09 08:38:30', '2023-04-09', '', '', NULL, NULL, NULL, 'YANGON', 1, 'DAW AYE AYE MAO', NULL, '', '09.11.2022', 'BURMESE/BUDDHA', NULL, 'NGW-LB-000028', '30Yar', '', '', '', '29.08.2027', NULL, '(lb)', '5\'2\"(kg)', 'No', 'No', 'No', '', NULL, '1', NULL, NULL, NULL, NULL, 'No', NULL, 'No', NULL, '', NULL, NULL, NULL, NULL, NULL, NULL, '', '1', 'Single', NULL, '12', 'TaMaNa', '(N)', '107990', '1992', '6', '26'),
(30, 'EI THIDAR WIN TUN', 'U KYAW WIN', '7/PaTaTa(N)108876', '1990.4.15', 'MG 780237', '04.11.2022', '', '781994410', NULL, 'female', NULL, '2023-04-09 08:51:46', '2023-04-09 08:51:46', '2023-04-09', '', '', NULL, NULL, NULL, 'YANGON', 1, 'DAW KYU KYU', NULL, '', '09.11.2022', 'BURMESE/BUDDHA', NULL, 'NGW-LB-000029', '32Yar', '', '', '', '03.11.2027', NULL, '(lb)', '5\'1\"(kg)', 'No', 'No', 'No', '', NULL, '1', NULL, NULL, NULL, NULL, 'No', NULL, 'No', NULL, '', NULL, NULL, NULL, NULL, NULL, NULL, '', '1', 'Single', NULL, '7', 'PaTaTa', '(N)', '108876', '1990', '4', '15'),
(31, 'EI THU', 'U NYO LAY', '7/HtaTaPa(N)140289', '2004.1.13', 'MG 704724', '04.03.2022', '', '671676839', NULL, 'female', NULL, '2023-04-09 08:59:48', '2023-04-09 08:59:48', '2023-04-09', '', '', NULL, NULL, NULL, 'YANGON', 1, 'DAW KYU KYU', NULL, '', '15.08.2022', 'BURMESE/BUDDHA', NULL, 'NGW-LB-000030', '18Yar', '', '', '', '03.03.2027', NULL, '(lb)', '5\'1\"(kg)', 'No', 'No', 'No', '', NULL, '1', NULL, NULL, NULL, NULL, 'No', NULL, 'No', NULL, '', NULL, NULL, NULL, NULL, NULL, NULL, '', '1', 'Single', NULL, '7', 'HtaTaPa', '(N)', '140289', '2004', '1', '13'),
(32, 'NAN SEIN', 'U MYO MYINT', '7/HtaTaPa(N)110451', '1999.3.1', 'MF 707183', '04.03.2022', '', '662236911', '', 'female', NULL, '2023-04-09 12:59:15', '2023-04-10 07:54:34', '2023-04-09', NULL, NULL, NULL, NULL, NULL, 'YANGON', 1, NULL, NULL, '', '2022-08-15', 'BURMESE/BUDDHA', '', 'NGW-LB-000031', '23Yar', '', '', '', '03.03.2027', NULL, '(lb)', '5\'4\"(kg)', 'No', 'No', 'No', '', NULL, '1', NULL, NULL, NULL, NULL, 'No', NULL, 'No', NULL, '', NULL, NULL, NULL, NULL, NULL, NULL, '', '1', 'Single', NULL, '7', 'HtaTaPa', '(N)', '110451', '1999', '3', '1'),
(33, 'KHIN HNIN WAI', 'U CHIT TUN', '10/ThaHtaNa(N)215098', '1992.8.19', 'MG 553969', '27.09.2022', '', '767153957', NULL, 'female', NULL, '2023-04-09 13:12:27', '2023-04-09 13:12:27', '2023-04-09', '', '', NULL, NULL, NULL, 'YANGON', 1, NULL, NULL, '', '28.10.2022', 'KAYIN/BUDDHA', NULL, 'NGW-LB-000032', '30Yar', '', '', '', '26.09.2027', NULL, '(lb)', '5\'(kg)', 'No', 'No', 'No', '', NULL, '1', NULL, NULL, NULL, NULL, 'No', NULL, 'No', NULL, '', NULL, NULL, NULL, NULL, NULL, NULL, '', '1', 'Single', NULL, '10', 'ThaHtaNa', '(N)', '215098', '1992', '8', '19'),
(34, 'WIN WIN KYAW', 'U KYAW THU', '12/LaMaNa(N)175907', '2001.8.1', 'MG 346895', '24.08.2022', '', '975648254', NULL, 'female', NULL, '2023-04-09 13:22:11', '2023-04-09 13:22:11', '2023-04-09', '', '', NULL, NULL, NULL, 'YANGON', 1, 'DAW SAN MYINT', NULL, '', '24.10.2022', 'BURMESE/ BUDDHA', NULL, 'NGW-LB-000033', '21Yar', '', '', '', '23.08.2027', NULL, '(lb)', '5\'(kg)', 'No', 'No', 'No', '', NULL, '1', NULL, NULL, NULL, NULL, 'No', NULL, 'No', NULL, '  ', NULL, NULL, NULL, NULL, NULL, NULL, '', '1', 'Single', NULL, '12', 'LaMaNa', '(N)', '175907', '2001', '8', '1'),
(35, 'MYAT NO THU', 'U AUNG KHET LWIN', '7/HtaTaPa(N)090315', '1989.10.7', 'MF 688494', '25.02.2022', '', '264948287', '', 'female', NULL, '2023-04-10 07:29:40', '2023-04-10 07:51:52', '2023-04-10', NULL, NULL, NULL, NULL, NULL, 'YANGON', 1, 'DAW SAN SAN WIN', NULL, '', '2022-10-24', 'MON/BUDDHA', '', 'NGW-LB-000034', '33Yar', '', '', '', '24.02.2027', NULL, '(lb)', '5\'3\"(kg)', 'No', 'No', 'No', '', NULL, '1', NULL, NULL, NULL, NULL, 'No', NULL, 'No', NULL, '', NULL, NULL, NULL, NULL, NULL, NULL, '', '1', 'Single', NULL, '7', 'HtaTaPa', '(N)', '090315', '1989', '10', '7'),
(36, 'NI NI NAING MOE', 'U KYI SEIN', '7/YaTaYa(N)147844', '1988.9.17', 'MG 496870', '14.09.2022', '', '770895797', NULL, 'female', NULL, '2023-04-10 07:46:26', '2023-04-10 07:46:26', '2023-04-10', '', '', NULL, NULL, NULL, 'YANGON', 1, 'DAE THAN THAN', NULL, '', '03.10.2022', 'BURMESE/ BUDDHA', NULL, 'NGW-LB-000035', '34Yar', '', '', '', '13.09.2027', NULL, '(lb)', '5\'2\"(kg)', 'No', 'No', 'No', '', NULL, '1', NULL, NULL, NULL, NULL, 'No', NULL, 'No', NULL, ' ', NULL, NULL, NULL, NULL, NULL, NULL, '', '1', 'Single', NULL, '7', 'YaTaYa', '(N)', '147844', '1988', '9', '17'),
(37, 'MAY ZULY MOY NWE', 'UT TIN MYO', '9/PaBaTha(N)037376', '1996.7.11', 'MG 692020', '26.10.2022', '', '963963208', NULL, 'female', NULL, '2023-04-10 08:07:52', '2023-04-10 08:07:52', '2023-04-10', '', '', NULL, NULL, NULL, 'YANGON', 1, 'DAW YE', NULL, '', '02.11.2022', 'BURMESE/BUDDHA', NULL, 'NGW-LB-000036', '26Yar', '', '', '', '25.10.2027', NULL, '(lb)', '5\'(kg)', 'No', 'No', 'No', '', NULL, '1', NULL, NULL, NULL, NULL, 'No', NULL, 'No', NULL, '-/()', NULL, NULL, NULL, NULL, NULL, NULL, '', '1', 'Single', NULL, '9', 'PaBaTha', '(N)', '037376', '1996', '7', '11'),
(38, 'THAZIN HTAY', 'U THEIN HTAY', '9/MaKhaNa(N)191797', '1986.4.3', 'MG 508047', '16.09.2022', '', '260335891', NULL, 'female', NULL, '2023-04-10 08:27:08', '2023-04-10 08:27:08', '2023-04-10', '', '', NULL, NULL, NULL, 'YANGON', 1, 'DAW SWAR KYI', NULL, '', '04.10.2022', 'BURMESE/BUDDHA', NULL, 'NGW-LB-000037', '36Yar', '', '', '', '15.09.2027', NULL, '(lb)', '5\'(kg)', 'No', 'No', 'No', '', NULL, '1', NULL, NULL, NULL, NULL, 'No', NULL, 'No', NULL, '', NULL, NULL, NULL, NULL, NULL, NULL, '', '1', 'Single', NULL, '9', 'MaKhaNa', '(N)', '191797', '1986', '4', '3'),
(39, 'LWIN LWIN AUNG', 'U TIN AUNG', '12/MaYaKa(N)178550', '1994.7.10', 'MG 426638', '05.09.2022', '', '770895797', NULL, 'female', NULL, '2023-04-11 21:03:35', '2023-04-11 21:03:35', '2023-04-12', '', '', NULL, NULL, NULL, 'YANGON', 1, 'DAW AYE SAN', NULL, '', '03.10.2022', 'BURMESE/BUDDHA', NULL, 'NGW-LB-000038', '28Yar', '', '', '', '04.09.2027', NULL, '(lb)', '5\'3\"(kg)', 'No', 'No', 'No', '', NULL, '1', NULL, NULL, NULL, NULL, 'No', NULL, 'No', NULL, ' ', NULL, NULL, NULL, NULL, NULL, NULL, '', '1', 'Single', NULL, '12', 'MaYaKa', '(N)', '178550', '1994', '7', '10'),
(40, 'WAR WAR TUN', 'U KYAW OO SWE', '12/DaGaTa(N)096010', '1997.12.3', 'MF 713756', '09.03.2022', '', '773795022', NULL, 'female', NULL, '2023-04-11 21:19:06', '2023-04-11 21:19:06', '2023-04-12', '', '', NULL, NULL, NULL, 'YANGON', 1, 'DAW WIN WIN MAW', NULL, '', '22.10.2022', 'BURMESE/ BUDDHA', NULL, 'NGW-LB-000039', '24Yar', '', '', '', '08.03.2027', NULL, '(lb)', '5\'3\"(kg)', 'No', 'No', 'No', '', NULL, '1', NULL, NULL, NULL, NULL, 'No', NULL, 'No', NULL, ' /.   ', NULL, NULL, NULL, NULL, NULL, NULL, '', '1', 'Single', NULL, '12', 'DaGaTa', '(N)', '096010', '1997', '12', '3'),
(41, 'TIN ZAR LWIN', 'U THAUNG LWIN', '7/LaPATa(N)162442', '1994.5.7', 'MF 044898', '12.02.2020', '', '888357459', NULL, 'female', NULL, '2023-04-11 21:31:43', '2023-04-11 21:31:43', '2023-04-12', '', '', NULL, NULL, NULL, 'LETPANDAN', 1, 'DAW KHIN SAN WIN', NULL, '', '22.10.2022', 'BURMESE/BUDDHA', NULL, 'NGW-LB-000040', '28Yar', '', '', '', '11.02.2025', NULL, '(lb)', '4\'11\"(kg)', 'No', 'No', 'No', '', NULL, '1', NULL, NULL, NULL, NULL, 'No', NULL, 'No', NULL, '', NULL, NULL, NULL, NULL, NULL, NULL, '', '1', 'Single', NULL, '7', 'LaPATa', '(N)', '162442', '1994', '5', '7'),
(42, 'THU ZAR KHAING', 'U AYE THAN', '7/LaPATa(N)180407', '1993.12.3', 'MG 363843', '27.08.2022', '', '964829137', NULL, 'female', NULL, '2023-04-11 21:41:14', '2023-04-11 21:41:14', '2023-04-12', '', '', NULL, NULL, NULL, 'LETPANDAN', 1, NULL, NULL, '', '22.10.2022', 'BURMESE/BUDDHA', NULL, 'NGW-LB-000041', '28Yar', '', '', '', '26.08.2027', NULL, '(lb)', '5\'1\"(kg)', 'No', 'No', 'No', '', NULL, '1', NULL, NULL, NULL, NULL, 'No', NULL, 'No', NULL, '', NULL, NULL, NULL, NULL, NULL, NULL, '', '1', 'Single', NULL, '7', 'LaPATa', '(N)', '180407', '1993', '12', '3'),
(43, 'HNIN THANDAR', 'U THAN AYE', '12/DaSaKa(N)032200', '1993.4.13', 'MG 035022', '14.06.2022', '', '962959626', NULL, 'female', NULL, '2023-04-11 21:54:43', '2023-04-11 21:54:43', '2023-04-12', '', '', NULL, NULL, NULL, 'YANGON', 1, 'DAW KYIN AYE', NULL, '', '22.10.2022', 'BURMESE/ BUDDHA', NULL, 'NGW-LB-000042', '29Yar', '', '', '', '13.06.2027', NULL, '(lb)', '5\'3\"(kg)', 'No', 'No', 'No', '', NULL, '1', NULL, NULL, NULL, NULL, 'No', NULL, 'No', NULL, '    ', NULL, NULL, NULL, NULL, NULL, NULL, '', '1', 'Single', NULL, '12', 'DaSaKa', '(N)', '032200', '1993', '4', '13'),
(44, 'AYE AYE AUNG', 'U MIN ZAW', '9/KaPaTa(N)320436', '1998.7.1', 'MF 713757', '09.03.2022', '', '251807225', NULL, 'female', NULL, '2023-04-11 22:03:21', '2023-04-11 22:03:21', '2023-04-12', '', '', NULL, NULL, NULL, 'KYAUKPADAUNG', 1, NULL, NULL, '', '22.10.2022', 'BURMESE/ BUDDHA', NULL, 'NGW-LB-000043', '24Yar', '', '', '', '08.03.2027', NULL, '(lb)', '5\'(kg)', 'No', 'No', 'No', '', NULL, '1', NULL, NULL, NULL, NULL, 'No', NULL, 'No', NULL, '  ', NULL, NULL, NULL, NULL, NULL, NULL, '', '1', 'Single', NULL, '9', 'KaPaTa', '(N)', '320436', '1998', '7', '1'),
(45, 'KHAING KHAING AYE', 'U MYO WIN', '7/LaPATa(N)157403', '1990.7.31', 'MG 347410', '24.08.2022', '', '894535326', NULL, 'female', NULL, '2023-04-11 22:09:47', '2023-04-11 22:09:47', '2023-04-12', '', '', NULL, NULL, NULL, 'LETPANDAN', 1, NULL, NULL, '', '22.10.2022', 'BURMESE/ BUDDHA', NULL, 'NGW-LB-000044', '32Yar', '', '', '', '23.08.2027', NULL, '(lb)', '5\'(kg)', 'No', 'No', 'No', '', NULL, '1', NULL, NULL, NULL, NULL, 'No', NULL, 'No', NULL, '', NULL, NULL, NULL, NULL, NULL, NULL, '', '1', 'Single', NULL, '7', 'LaPATa', '(N)', '157403', '1990', '7', '31'),
(46, 'ZIN MAR HLAING', 'U AUNG PITE', '8/AhLaNa(N)241781', '2001.12.21', 'MF 771391', '02.04.2022', '', '895995925', NULL, 'female', NULL, '2023-04-11 22:27:59', '2023-04-11 22:27:59', '2023-04-12', '', '', NULL, NULL, NULL, 'AUNGLAN', 1, 'DAW KYI THEN', NULL, '', '15.10.2022', 'BURMESE/ BUDDHA', NULL, 'NGW-LB-000045', '20Yar', '', '', '', '01.04.2027', NULL, '(lb)', '5\'1\"(kg)', 'No', 'No', 'No', '', NULL, '1', NULL, NULL, NULL, NULL, 'No', NULL, 'No', NULL, ' ', NULL, NULL, NULL, NULL, NULL, NULL, '', '1', 'Single', NULL, '8', 'AhLaNa', '(N)', '241781', '2001', '12', '21'),
(47, 'NAN SEIN', 'U MYO MYINT', '7/HtaTaPa(N)110451', '1999.3.1', 'MF 707183', '04.03.2022', '', '662236911', NULL, 'female', NULL, '2023-04-11 22:37:16', '2023-04-11 22:37:16', '2023-04-12', '', '', NULL, NULL, NULL, 'HTANTAPIN', 1, NULL, NULL, '', '15.08.2022', 'BURMESE/ BUDDHA', NULL, 'NGW-LB-000046', '23Yar', '', '', '', '03.03.2027', NULL, '(lb)', '5\'4\"(kg)', 'No', 'No', 'No', '', NULL, '1', NULL, NULL, NULL, NULL, 'No', NULL, 'No', NULL, ' ', NULL, NULL, NULL, NULL, NULL, NULL, '', '1', 'Single', NULL, '7', 'HtaTaPa', '(N)', '110451', '1999', '3', '1'),
(49, 'Daw Soe', 'U Mg Mg', '1/BaMaNa(N)223445', '1994-04-15', 'ME00092', '2023-04-27', '', '777161554', 'Yangon', 'female', 'Remark Testing', '2023-04-26 21:30:02', '2023-04-28 21:10:58', '2023-04-29', '', '', NULL, NULL, NULL, '2027-04-27', 2, 'Daw Aye', '-', '', '2023-04-27', 'Burmese / Buddhism', NULL, 'MS-LB-000047', '28', '', '', '', '2027-04-27', '10', '100(lb)', '100(cm)', 'No', 'No', 'No', 'No', '5', '1', '-', NULL, NULL, NULL, 'No', NULL, 'No', NULL, 'Yangon, Myanmar', '777181776', 'no', 'no', 'no', NULL, NULL, 'Yes', '1', 'Single', NULL, '1', 'AhGaYa', '(N)', '223445', NULL, NULL, NULL);

-- --------------------------------------------------------

--
-- Table structure for table `passport_payments`
--

CREATE TABLE `passport_payments` (
  `id` int(10) UNSIGNED NOT NULL,
  `deposit` text COLLATE utf8mb4_unicode_ci DEFAULT NULL,
  `deposit_date` text COLLATE utf8mb4_unicode_ci DEFAULT NULL,
  `passport_id` int(11) DEFAULT NULL,
  `user_id` int(11) DEFAULT NULL,
  `created_at` timestamp NULL DEFAULT NULL,
  `updated_at` timestamp NULL DEFAULT NULL,
  `remark` text COLLATE utf8mb4_unicode_ci DEFAULT NULL,
  `payment_reason` text COLLATE utf8mb4_unicode_ci DEFAULT NULL
) ENGINE=InnoDB DEFAULT CHARSET=utf8mb4 COLLATE=utf8mb4_unicode_ci;

--
-- Dumping data for table `passport_payments`
--

INSERT INTO `passport_payments` (`id`, `deposit`, `deposit_date`, `passport_id`, `user_id`, `created_at`, `updated_at`, `remark`, `payment_reason`) VALUES
(1, '0', '2023-04-04', 1, 1, '2023-04-03 23:20:15', '2023-04-03 23:20:15', NULL, NULL),
(2, '0', '2023-04-04', 2, 1, '2023-04-04 06:50:02', '2023-04-04 06:50:02', NULL, NULL),
(3, '0', '2023-04-04', 3, 1, '2023-04-04 07:00:44', '2023-04-04 07:00:44', NULL, NULL),
(4, '0', '2023-04-04', 4, 1, '2023-04-04 07:10:09', '2023-04-04 07:10:09', NULL, NULL),
(5, '0', '2023-04-04', 5, 1, '2023-04-04 07:17:44', '2023-04-04 07:17:44', NULL, NULL),
(6, '0', '2023-04-04', 6, 1, '2023-04-04 07:36:17', '2023-04-04 07:36:17', NULL, NULL),
(7, '0', '2023-04-04', 7, 1, '2023-04-04 08:14:16', '2023-04-04 08:14:16', NULL, NULL),
(8, '0', '2023-04-05', 8, 1, '2023-04-05 00:01:28', '2023-04-05 00:01:28', NULL, NULL),
(9, '0', '2023-04-06', 9, 1, '2023-04-06 00:50:12', '2023-04-06 00:50:12', NULL, NULL),
(10, '0', '2023-04-06', 10, 1, '2023-04-06 00:50:12', '2023-04-06 00:50:12', NULL, NULL),
(11, '0', '2023-04-06', 11, 1, '2023-04-06 01:04:35', '2023-04-06 01:04:35', NULL, NULL),
(12, '0', '2023-04-06', 12, 1, '2023-04-06 01:17:16', '2023-04-06 01:17:16', NULL, NULL),
(13, '0', '2023-04-06', 13, 1, '2023-04-06 01:32:58', '2023-04-06 01:32:58', NULL, NULL),
(14, '0', '2023-04-06', 14, 1, '2023-04-06 01:44:55', '2023-04-06 01:44:55', NULL, NULL),
(15, '0', '2023-04-08', 15, 1, '2023-04-07 21:02:16', '2023-04-07 21:02:16', NULL, NULL),
(16, '0', '2023-04-08', 16, 1, '2023-04-07 21:11:07', '2023-04-07 21:11:07', NULL, NULL),
(17, '0', '2023-04-08', 17, 1, '2023-04-07 21:18:48', '2023-04-07 21:18:48', NULL, NULL),
(18, '0', '2023-04-08', 18, 1, '2023-04-07 21:29:05', '2023-04-07 21:29:05', NULL, NULL),
(19, '0', '2023-04-08', 19, 1, '2023-04-07 21:38:45', '2023-04-07 21:38:45', NULL, NULL),
(20, '0', '2023-04-08', 20, 1, '2023-04-07 21:45:15', '2023-04-07 21:45:15', NULL, NULL),
(21, '0', '2023-04-08', 21, 1, '2023-04-07 21:56:49', '2023-04-07 21:56:49', NULL, NULL),
(22, '0', '2023-04-08', 22, 1, '2023-04-07 22:07:45', '2023-04-07 22:07:45', NULL, NULL),
(23, '0', '2023-04-08', 23, 1, '2023-04-07 22:22:09', '2023-04-07 22:22:09', NULL, NULL),
(24, '0', '2023-04-08', 24, 1, '2023-04-07 23:01:43', '2023-04-07 23:01:43', NULL, NULL),
(25, '0', '2023-04-08', 25, 1, '2023-04-07 23:09:58', '2023-04-07 23:09:58', NULL, NULL),
(26, '0', '2023-04-08', 26, 1, '2023-04-07 23:18:18', '2023-04-07 23:18:18', NULL, NULL),
(27, '0', '2023-04-09', 27, 1, '2023-04-09 08:04:18', '2023-04-09 08:04:18', NULL, NULL),
(28, '0', '2023-04-09', 28, 1, '2023-04-09 08:27:35', '2023-04-09 08:27:35', NULL, NULL),
(29, '0', '2023-04-09', 29, 1, '2023-04-09 08:38:30', '2023-04-09 08:38:30', NULL, NULL),
(30, '0', '2023-04-09', 30, 1, '2023-04-09 08:51:46', '2023-04-09 08:51:46', NULL, NULL),
(31, '0', '2023-04-09', 31, 1, '2023-04-09 08:59:48', '2023-04-09 08:59:48', NULL, NULL),
(32, '0', '2023-04-09', 32, 1, '2023-04-09 12:59:15', '2023-04-09 12:59:15', NULL, NULL),
(33, '0', '2023-04-09', 33, 1, '2023-04-09 13:12:27', '2023-04-09 13:12:27', NULL, NULL),
(34, '0', '2023-04-09', 34, 1, '2023-04-09 13:22:11', '2023-04-09 13:22:11', NULL, NULL),
(35, '0', '2023-04-10', 35, 1, '2023-04-10 07:29:40', '2023-04-10 07:29:40', NULL, NULL),
(36, '0', '2023-04-10', 36, 1, '2023-04-10 07:46:26', '2023-04-10 07:46:26', NULL, NULL),
(37, '0', '2023-04-10', 37, 1, '2023-04-10 08:07:52', '2023-04-10 08:07:52', NULL, NULL),
(38, '0', '2023-04-10', 38, 1, '2023-04-10 08:27:08', '2023-04-10 08:27:08', NULL, NULL),
(39, '0', '2023-04-12', 39, 1, '2023-04-11 21:03:35', '2023-04-11 21:03:35', NULL, NULL),
(40, '0', '2023-04-12', 40, 1, '2023-04-11 21:19:06', '2023-04-11 21:19:06', NULL, NULL),
(41, '0', '2023-04-12', 41, 1, '2023-04-11 21:31:43', '2023-04-11 21:31:43', NULL, NULL),
(42, '0', '2023-04-12', 42, 1, '2023-04-11 21:41:14', '2023-04-11 21:41:14', NULL, NULL),
(43, '0', '2023-04-12', 43, 1, '2023-04-11 21:54:43', '2023-04-11 21:54:43', NULL, NULL),
(44, '0', '2023-04-12', 44, 1, '2023-04-11 22:03:21', '2023-04-11 22:03:21', NULL, NULL),
(45, '0', '2023-04-12', 45, 1, '2023-04-11 22:09:47', '2023-04-11 22:09:47', NULL, NULL),
(46, '0', '2023-04-12', 46, 1, '2023-04-11 22:27:59', '2023-04-11 22:27:59', NULL, NULL),
(47, '0', '2023-04-12', 47, 1, '2023-04-11 22:37:16', '2023-04-11 22:37:16', NULL, NULL);

-- --------------------------------------------------------

--
-- Table structure for table `passport_payment_files`
--

CREATE TABLE `passport_payment_files` (
  `id` int(10) UNSIGNED NOT NULL,
  `deposit_file_name` text COLLATE utf8mb4_unicode_ci DEFAULT NULL,
  `deposit_file_path` text COLLATE utf8mb4_unicode_ci DEFAULT NULL,
  `passport_payment_id` int(11) DEFAULT NULL,
  `passport_id` int(11) DEFAULT NULL,
  `user_id` int(11) DEFAULT NULL,
  `created_at` timestamp NULL DEFAULT NULL,
  `updated_at` timestamp NULL DEFAULT NULL
) ENGINE=InnoDB DEFAULT CHARSET=utf8mb4 COLLATE=utf8mb4_unicode_ci;

-- --------------------------------------------------------

--
-- Table structure for table `password_resets`
--

CREATE TABLE `password_resets` (
  `email` varchar(255) COLLATE utf8mb4_unicode_ci NOT NULL,
  `token` varchar(255) COLLATE utf8mb4_unicode_ci NOT NULL,
  `created_at` timestamp NULL DEFAULT NULL
) ENGINE=InnoDB DEFAULT CHARSET=utf8mb4 COLLATE=utf8mb4_unicode_ci;

-- --------------------------------------------------------

--
-- Table structure for table `permissions`
--

CREATE TABLE `permissions` (
  `id` bigint(20) UNSIGNED NOT NULL,
  `name` varchar(255) COLLATE utf8mb4_unicode_ci NOT NULL,
  `guard_name` varchar(255) COLLATE utf8mb4_unicode_ci NOT NULL,
  `created_at` timestamp NULL DEFAULT NULL,
  `updated_at` timestamp NULL DEFAULT NULL,
  `status` text COLLATE utf8mb4_unicode_ci DEFAULT NULL
) ENGINE=InnoDB DEFAULT CHARSET=utf8mb4 COLLATE=utf8mb4_unicode_ci;

--
-- Dumping data for table `permissions`
--

INSERT INTO `permissions` (`id`, `name`, `guard_name`, `created_at`, `updated_at`, `status`) VALUES
(1, 'agent_lists', 'web', '2023-03-06 23:41:34', '2023-03-06 23:42:11', 'module'),
(2, 'labour_manage', 'web', '2023-03-07 00:38:00', '2023-03-07 00:38:00', 'module'),
(3, 'labour_payment', 'web', '2023-03-07 00:38:08', '2023-03-07 00:38:08', 'module'),
(4, 'demand', 'web', '2023-03-07 00:38:13', '2023-03-07 00:38:13', 'module'),
(5, 'contract', 'web', '2023-03-07 00:38:17', '2023-03-07 00:38:17', 'module'),
(6, 'sending', 'web', '2023-03-07 00:38:21', '2023-03-07 00:38:21', 'module'),
(7, 'file_manager', 'web', '2023-03-07 00:54:20', '2023-03-07 00:54:20', 'module'),
(8, 'overseas_agent', 'web', '2023-03-07 00:56:50', '2023-03-07 00:56:50', 'module');

-- --------------------------------------------------------

--
-- Table structure for table `personal_access_tokens`
--

CREATE TABLE `personal_access_tokens` (
  `id` bigint(20) UNSIGNED NOT NULL,
  `tokenable_type` varchar(255) COLLATE utf8mb4_unicode_ci NOT NULL,
  `tokenable_id` bigint(20) UNSIGNED NOT NULL,
  `name` varchar(255) COLLATE utf8mb4_unicode_ci NOT NULL,
  `token` varchar(64) COLLATE utf8mb4_unicode_ci NOT NULL,
  `abilities` text COLLATE utf8mb4_unicode_ci DEFAULT NULL,
  `last_used_at` timestamp NULL DEFAULT NULL,
  `created_at` timestamp NULL DEFAULT NULL,
  `updated_at` timestamp NULL DEFAULT NULL
) ENGINE=InnoDB DEFAULT CHARSET=utf8mb4 COLLATE=utf8mb4_unicode_ci;

-- --------------------------------------------------------

--
-- Table structure for table `regions`
--

CREATE TABLE `regions` (
  `id` int(10) UNSIGNED NOT NULL,
  `region` text COLLATE utf8mb4_unicode_ci DEFAULT NULL,
  `region_mm` text COLLATE utf8mb4_unicode_ci DEFAULT NULL,
  `status` text COLLATE utf8mb4_unicode_ci DEFAULT NULL,
  `created_at` timestamp NULL DEFAULT NULL,
  `updated_at` timestamp NULL DEFAULT NULL
) ENGINE=InnoDB DEFAULT CHARSET=utf8mb4 COLLATE=utf8mb4_unicode_ci;

--
-- Dumping data for table `regions`
--

INSERT INTO `regions` (`id`, `region`, `region_mm`, `status`, `created_at`, `updated_at`) VALUES
(1, 'Yangon Region', '', '1', NULL, NULL),
(2, 'Mandalay Region', '', '1', NULL, NULL),
(3, 'Nay Pyi Taw', '', '1', NULL, NULL),
(4, 'Bago Region', '', '1', NULL, NULL),
(5, 'Ayeyarwady Region', '', '1', NULL, NULL),
(6, 'Magway Region', '', '1', NULL, NULL),
(7, 'Sagaing Region', '', '1', NULL, NULL),
(8, 'Tanintharyi Region', '', '1', NULL, NULL),
(9, 'Shan State', '', '1', NULL, NULL),
(10, 'Kayin State', '', '1', NULL, NULL),
(11, 'Mon State', '', '1', NULL, NULL),
(12, 'Rakhine State', '', '1', NULL, NULL),
(13, 'Chin State', '', '1', NULL, NULL),
(14, 'Kachin State', '', '1', NULL, NULL),
(15, 'Kayah State', '', '1', NULL, NULL);

-- --------------------------------------------------------

--
-- Table structure for table `roles`
--

CREATE TABLE `roles` (
  `id` bigint(20) UNSIGNED NOT NULL,
  `name` varchar(255) COLLATE utf8mb4_unicode_ci NOT NULL,
  `guard_name` varchar(255) COLLATE utf8mb4_unicode_ci NOT NULL,
  `created_at` timestamp NULL DEFAULT NULL,
  `updated_at` timestamp NULL DEFAULT NULL
) ENGINE=InnoDB DEFAULT CHARSET=utf8mb4 COLLATE=utf8mb4_unicode_ci;

--
-- Dumping data for table `roles`
--

INSERT INTO `roles` (`id`, `name`, `guard_name`, `created_at`, `updated_at`) VALUES
(1, 'Admin', 'web', '2023-03-07 00:41:00', '2023-03-07 00:42:03'),
(2, 'Labour Entry', 'web', '2023-03-07 00:42:30', '2023-03-07 00:42:30');

-- --------------------------------------------------------

--
-- Table structure for table `role_has_permissions`
--

CREATE TABLE `role_has_permissions` (
  `permission_id` bigint(20) UNSIGNED NOT NULL,
  `role_id` bigint(20) UNSIGNED NOT NULL
) ENGINE=InnoDB DEFAULT CHARSET=utf8mb4 COLLATE=utf8mb4_unicode_ci;

--
-- Dumping data for table `role_has_permissions`
--

INSERT INTO `role_has_permissions` (`permission_id`, `role_id`) VALUES
(1, 1),
(1, 2),
(2, 1),
(2, 2),
(3, 1),
(3, 2),
(4, 1),
(5, 1),
(6, 1),
(7, 1),
(8, 1);

-- --------------------------------------------------------

--
-- Table structure for table `sendings`
--

CREATE TABLE `sendings` (
  `id` int(10) UNSIGNED NOT NULL,
  `sending_date` text COLLATE utf8mb4_unicode_ci DEFAULT NULL,
  `sending_male` int(11) DEFAULT NULL,
  `sending_female` int(11) DEFAULT NULL,
  `remark` text COLLATE utf8mb4_unicode_ci DEFAULT NULL,
  `demand_id` int(11) DEFAULT NULL,
  `contract_id` int(11) DEFAULT NULL,
  `created_at` timestamp NULL DEFAULT NULL,
  `updated_at` timestamp NULL DEFAULT NULL
) ENGINE=InnoDB DEFAULT CHARSET=utf8mb4 COLLATE=utf8mb4_unicode_ci;

-- --------------------------------------------------------

--
-- Table structure for table `townships`
--

CREATE TABLE `townships` (
  `id` int(10) UNSIGNED NOT NULL,
  `region_id` int(11) DEFAULT NULL,
  `township` text COLLATE utf8mb4_unicode_ci DEFAULT NULL,
  `townships_mm` text COLLATE utf8mb4_unicode_ci DEFAULT NULL,
  `status` text COLLATE utf8mb4_unicode_ci DEFAULT NULL,
  `created_at` timestamp NULL DEFAULT NULL,
  `updated_at` timestamp NULL DEFAULT NULL
) ENGINE=InnoDB DEFAULT CHARSET=utf8mb4 COLLATE=utf8mb4_unicode_ci;

--
-- Dumping data for table `townships`
--

INSERT INTO `townships` (`id`, `region_id`, `township`, `townships_mm`, `status`, `created_at`, `updated_at`) VALUES
(1, 1, 'Lanmadaw', '', '1', NULL, NULL),
(2, 1, 'Latha', '', '1', NULL, NULL),
(3, 1, 'Kyauktada', '', '1', NULL, NULL),
(4, 1, 'Pabedan', '', '1', NULL, NULL),
(5, 1, 'Pazundaung', '', '1', NULL, NULL),
(6, 1, 'Ahlone', '', '1', NULL, NULL),
(7, 1, 'Kyeemyindaing', '', '1', NULL, NULL),
(8, 1, 'Sanchaung', '', '1', NULL, NULL),
(9, 1, 'Bahan', '', '1', NULL, NULL),
(10, 1, 'Botahtaung', '', '1', NULL, NULL),
(11, 1, 'Mingalartaungnyunt', '', '1', NULL, NULL),
(12, 1, 'Tamwe', '', '1', NULL, NULL),
(13, 1, 'Yankin', '', '1', NULL, NULL),
(14, 1, 'Dagon', '', '1', NULL, NULL),
(15, 1, 'East Dagon', ' ', '1', NULL, NULL),
(16, 1, 'North Dagon', ' ', '1', NULL, NULL),
(17, 1, 'South Dagon', ' ', '1', NULL, NULL),
(18, 1, 'Dagon Seikkan', ' ', '1', NULL, NULL),
(19, 1, 'Kamaryut', '', '1', NULL, NULL),
(20, 1, 'Insein', '', '1', NULL, NULL),
(21, 1, 'Hlaing', '', '1', NULL, NULL),
(22, 1, 'Hlaingtharya', '', '1', NULL, NULL),
(23, 1, 'Mayangone', '', '1', NULL, NULL),
(24, 1, 'Mingaladon', '', '1', NULL, NULL),
(25, 1, 'North Okkalapa', '', '1', NULL, NULL),
(26, 1, 'South Okkalapa', '', '1', NULL, NULL),
(27, 1, 'Thingangyun', '', '1', NULL, NULL),
(28, 1, 'Thaketa', '', '1', NULL, NULL),
(29, 1, 'Thanlyin', '', '1', NULL, NULL),
(30, 1, 'Dala', '', '1', NULL, NULL),
(31, 1, 'Dawbon', '', '1', NULL, NULL),
(32, 1, 'Hmawbi', '', '1', NULL, NULL),
(33, 1, 'Hlegu', '', '1', NULL, NULL),
(34, 1, 'Htantabin', '', '1', NULL, NULL),
(35, 1, 'Kawhmu', '', '1', NULL, NULL),
(36, 1, 'Kayan', '', '1', NULL, NULL),
(37, 1, 'Kungyangon', '', '1', NULL, NULL),
(38, 1, 'Shwepyithar', '', '1', NULL, NULL),
(39, 1, 'Taikkyi', '', '1', NULL, NULL),
(40, 1, 'Thongwa', '', '1', NULL, NULL),
(41, 1, 'Twantay', '', '1', NULL, NULL),
(42, 1, 'Kyauktan', '', '1', NULL, NULL),
(43, 1, 'Seikgyikanaungto', '', '1', NULL, NULL),
(44, 1, 'Palae Myothit', '', '1', NULL, NULL),
(45, 2, 'Aung Myay Thar Zan', '', '1', NULL, NULL),
(46, 2, 'Chan Aye Thar Zan', '', '1', NULL, NULL),
(47, 2, 'Mahar Aung Myay', '', '1', NULL, NULL),
(48, 2, 'Chan Mya Thar Si', '', '1', NULL, NULL),
(49, 2, 'Pyi Gyi Tan Kon', '', '1', NULL, NULL),
(50, 2, 'Amarapura', '', '1', NULL, NULL),
(51, 2, 'Pa Thein Gyi', '', '1', NULL, NULL),
(52, 2, 'Pyin Oo Lwin', '', '1', NULL, NULL),
(53, 2, 'Madaya', '', '1', NULL, NULL),
(54, 2, 'Singu', '', '1', NULL, NULL),
(55, 2, 'Thabeikkyin', 'Thabeikkyin', '1', NULL, NULL),
(56, 2, 'Mogok', '', '1', NULL, NULL),
(57, 2, 'Kyaukpadaung', '', '1', NULL, NULL),
(58, 2, 'Kyaukse', '', '1', NULL, NULL),
(59, 2, 'Sintgaing', '', '1', NULL, NULL),
(60, 2, 'Myittha', '', '1', NULL, NULL),
(61, 2, 'Tada-U', '', '1', NULL, NULL),
(62, 2, 'Myingyan', '', '1', NULL, NULL),
(63, 2, 'Thaungtha', '', '1', NULL, NULL),
(64, 2, 'Natogyi', '', '1', NULL, NULL),
(65, 2, 'Nyaung-U', '', '1', NULL, NULL),
(66, 2, 'Meiktila', '', '1', NULL, NULL),
(67, 2, 'Mahlaing', '', '1', NULL, NULL),
(68, 2, 'Thazi', '', '1', NULL, NULL),
(69, 2, 'Wundwin', '', '1', NULL, NULL),
(70, 2, 'Pyawbwe', '', '1', NULL, NULL),
(71, 2, 'Yamethin', '', '1', NULL, NULL),
(72, 3, 'Pyinmana', '', '1', NULL, NULL),
(73, 3, 'Tatkon', '', '1', NULL, NULL),
(74, 3, 'Lewe', '', '1', NULL, NULL),
(75, 3, 'Dekkhinathiri', '', '1', NULL, NULL),
(76, 3, 'Ottarathiri', '', '1', NULL, NULL),
(77, 3, 'Pobbathiri', '', '1', NULL, NULL),
(78, 3, 'Zabuthiri', '', '1', NULL, NULL),
(79, 3, 'Zeyathiri', '', '1', NULL, NULL),
(80, 4, 'Bago', '', '1', NULL, NULL),
(81, 4, 'Daik-U', '', '1', NULL, NULL),
(82, 4, 'Kawa', '', '1', NULL, NULL),
(83, 4, 'Thanatpin', '', '1', NULL, NULL),
(84, 4, 'Waw', '', '1', NULL, NULL),
(85, 4, 'Nyaunglebin', '', '1', NULL, NULL),
(86, 4, 'Shwegyin', '', '1', NULL, NULL),
(87, 4, 'Pyay', '', '1', NULL, NULL),
(88, 4, 'Paukkaung', '', '1', NULL, NULL),
(89, 4, 'Thegon', '', '1', NULL, NULL),
(90, 4, 'Shwedaung', '', '1', NULL, NULL),
(91, 4, 'Padaung', '', '1', NULL, NULL),
(92, 4, 'Paungde', '', '1', NULL, NULL),
(93, 4, 'Nattalin', '', '1', NULL, NULL),
(94, 4, 'Zigon', '', '1', NULL, NULL),
(95, 4, 'Tharrawaddy', '', '1', NULL, NULL),
(96, 4, 'Gyobingauk', '', '1', NULL, NULL),
(97, 4, 'Letpadan', '', '1', NULL, NULL),
(98, 4, 'Minhla', '', '1', NULL, NULL),
(99, 4, 'Monyo', '', '1', NULL, NULL),
(100, 4, 'Okpho', '', '1', NULL, NULL),
(101, 4, 'Taungoo', '', '1', NULL, NULL),
(102, 4, 'Oktwin', '', '1', NULL, NULL),
(103, 4, 'Tantabin', '', '1', NULL, NULL),
(104, 4, 'Yedashe', '', '1', NULL, NULL),
(105, 4, 'Pyu', ' ', '1', NULL, NULL),
(106, 4, 'Kyauktaga', '', '1', NULL, NULL),
(107, 4, 'Kyaukkyi', '', '1', NULL, NULL),
(108, 4, 'Hpa Yar Gyi', '', '1', NULL, NULL),
(109, 5, 'Bogale', '', '1', NULL, NULL),
(110, 5, 'Danubyu', '', '1', NULL, NULL),
(111, 5, 'Einme', '', '1', NULL, NULL),
(112, 5, 'Hinthada', '', '1', NULL, NULL),
(113, 5, 'Ingapu', '', '1', NULL, NULL),
(114, 5, 'Kangyidaunt', '', '1', NULL, NULL),
(115, 5, 'Kyaiklat', '', '1', NULL, NULL),
(116, 5, 'Kyangin', '', '1', NULL, NULL),
(117, 5, 'Kyaunggon', '', '1', NULL, NULL),
(118, 5, 'Kyonpyaw', '', '1', NULL, NULL),
(119, 5, 'Labutta', '', '1', NULL, NULL),
(120, 5, 'Lemyethna', '', '1', NULL, NULL),
(121, 5, 'Maubin', '', '1', NULL, NULL),
(122, 5, 'Mawlamyinegyun', '', '1', NULL, NULL),
(123, 5, 'Myanaung', '', '1', NULL, NULL),
(124, 5, 'Myaungmya', '', '1', NULL, NULL),
(125, 5, 'Ngapudaw', '', '1', NULL, NULL),
(126, 5, 'Nyaungdon', '', '1', NULL, NULL),
(127, 5, 'Pantanaw', '', '1', NULL, NULL),
(128, 5, 'Pathein', '', '1', NULL, NULL),
(129, 5, 'Pyapon', '', '1', NULL, NULL),
(130, 5, 'Thabaung', '', '1', NULL, NULL),
(131, 5, 'Wakema', '', '1', NULL, NULL),
(132, 5, 'Yegyi', '', '1', NULL, NULL),
(133, 5, 'Zalun', '', '1', NULL, NULL),
(134, 6, 'Aunglan', '', '1', NULL, NULL),
(135, 6, 'Chauk', '', '1', NULL, NULL),
(136, 6, 'Gangaw', '', '1', NULL, NULL),
(137, 6, 'Kamma', '', '1', NULL, NULL),
(138, 6, 'Magway', '', '1', NULL, NULL),
(139, 6, 'Minbu', '', '1', NULL, NULL),
(140, 6, 'Mindon', '', '1', NULL, NULL),
(141, 6, 'Minhla', '', '1', NULL, NULL),
(142, 6, 'Myaing', '', '1', NULL, NULL),
(143, 6, 'Myothit', '', '1', NULL, NULL),
(144, 6, 'Natmauk', '', '1', NULL, NULL),
(145, 6, 'Ngape', '', '1', NULL, NULL),
(146, 6, 'Pakokku', '', '1', NULL, NULL),
(147, 6, 'Pauk', '', '1', NULL, NULL),
(148, 6, 'Pwintbyu', '', '1', NULL, NULL),
(149, 6, 'Salin', '', '1', NULL, NULL),
(150, 6, 'Saw', '', '1', NULL, NULL),
(151, 6, 'Seikphyu', '', '1', NULL, NULL),
(152, 6, 'Sidoktaya', '', '1', NULL, NULL),
(153, 6, 'Sinbaungwe', '', '1', NULL, NULL),
(154, 6, 'Taungdwingyi', '', '1', NULL, NULL),
(155, 6, 'Thayet', '', '1', NULL, NULL),
(156, 6, 'Tilin', '', '1', NULL, NULL),
(157, 6, 'Yenangyaung', '', '1', NULL, NULL),
(158, 6, 'Yesagyo', '', '1', NULL, NULL),
(159, 7, 'Sagaing', '', '1', NULL, NULL),
(160, 7, 'Monywa', '', '1', NULL, NULL),
(161, 7, 'Shwebo', '', '1', NULL, NULL),
(162, 7, 'Tabayin', '', '1', NULL, NULL),
(163, 7, 'Katha', '', '1', NULL, NULL),
(164, 7, 'Ayadaw', '', '1', NULL, NULL),
(165, 7, 'Banmauk', '', '1', NULL, NULL),
(166, 7, 'Budalin', '', '1', NULL, NULL),
(167, 7, 'Chaung-U', '', '1', NULL, NULL),
(168, 7, 'Hkamti', '', '1', NULL, NULL),
(169, 7, 'Homalin', '', '1', NULL, NULL),
(170, 7, 'Indaw', '', '1', NULL, NULL),
(171, 7, 'Kale', '', '1', NULL, NULL),
(172, 7, 'Kalewa', '', '1', NULL, NULL),
(173, 7, 'kanbalu', '', '1', NULL, NULL),
(174, 7, 'Kani', '', '1', NULL, NULL),
(175, 7, 'Kawlin', '', '1', NULL, NULL),
(176, 7, 'Khin-U', '', '1', NULL, NULL),
(177, 7, 'Kyunhla', '', '1', NULL, NULL),
(178, 7, 'Lahe', '', '1', NULL, NULL),
(179, 7, 'Mawlaik', '', '1', NULL, NULL),
(180, 7, 'Mingin', '', '1', NULL, NULL),
(181, 7, 'Myaung', '', '1', NULL, NULL),
(182, 7, 'Myinmu', '', '1', NULL, NULL),
(183, 7, 'Nanyun', '', '1', NULL, NULL),
(184, 7, 'Pale', '', '1', NULL, NULL),
(185, 7, 'Paungbyin', '', '1', NULL, NULL),
(186, 7, 'Pinlebu', '', '1', NULL, NULL),
(187, 7, 'Salingyi', '', '1', NULL, NULL),
(188, 7, 'Tamu', '', '1', NULL, NULL),
(189, 7, 'Taze', '', '1', NULL, NULL),
(190, 7, 'Tigyaing', '', '1', NULL, NULL),
(191, 7, 'Wetlet', '', '1', NULL, NULL),
(192, 7, 'Wuntho', '', '1', NULL, NULL),
(193, 7, 'Ye-U', '', '1', NULL, NULL),
(194, 7, 'Yinmabin', '', '1', NULL, NULL),
(195, 8, 'Dawei', '', '1', NULL, NULL),
(196, 8, 'Kawthoung', '', '1', NULL, NULL),
(197, 8, 'Myeik', '', '1', NULL, NULL),
(198, 8, 'Bokpyin', '', '1', NULL, NULL),
(199, 8, 'Kyunsu', '', '1', NULL, NULL),
(200, 8, 'Palaw', '', '1', NULL, NULL),
(201, 8, 'Tanintharyi', '', '1', NULL, NULL),
(202, 8, 'Thayetchaung', '', '1', NULL, NULL),
(203, 8, 'Yebyu', '', '1', NULL, NULL),
(204, 9, 'Taunggyi', '', '1', NULL, NULL),
(205, 9, 'Kalaw', '', '1', NULL, NULL),
(206, 9, 'Aung Ban', '', '1', NULL, NULL),
(207, 9, 'Kengtung', '', '1', NULL, NULL),
(208, 9, 'Tachileik', '', '1', NULL, NULL),
(209, 9, 'Hsipaw', '', '1', NULL, NULL),
(210, 9, 'Kyuakme', '', '1', NULL, NULL),
(211, 9, 'Lashio', '', '1', NULL, NULL),
(212, 9, 'Muse', '', '1', NULL, NULL),
(213, 9, 'Nawnghkio', '', '1', NULL, NULL),
(214, 9, 'Hopong', '', '1', NULL, NULL),
(215, 9, 'Loilen', '', '1', NULL, NULL),
(216, 9, 'Nyaungshwe', '', '1', NULL, NULL),
(217, 9, 'Pindaya', '', '1', NULL, NULL),
(218, 9, 'Pinlaung', '', '1', NULL, NULL),
(219, 9, 'Matman', '', '1', NULL, NULL),
(220, 9, 'Monghpyak', '', '1', NULL, NULL),
(221, 9, 'Monghsat', '', '1', NULL, NULL),
(222, 9, 'Mongkhet', '', '1', NULL, NULL),
(223, 9, 'Mongla', '', '1', NULL, NULL),
(224, 9, 'Mongping', '', '1', NULL, NULL),
(225, 9, 'Mongton', '', '1', NULL, NULL),
(226, 9, 'Mongyang', '', '1', NULL, NULL),
(227, 9, 'Mongyawng', '', '1', NULL, NULL),
(228, 9, 'Hopang', '', '1', NULL, NULL),
(229, 9, 'Hseni', '', '1', NULL, NULL),
(230, 9, 'Konkyan', '', '1', NULL, NULL),
(231, 9, 'Kunlong', '', '1', NULL, NULL),
(232, 9, 'Kutkai', '', '1', NULL, NULL),
(233, 9, 'Laukkaing', '', '1', NULL, NULL),
(234, 9, 'Mabein', '', '1', NULL, NULL),
(235, 9, 'Mongmao', '', '1', NULL, NULL),
(236, 9, 'Mongmit', '', '1', NULL, NULL),
(237, 9, 'Mongyai', '', '1', NULL, NULL),
(238, 9, 'Namhsan', '', '1', NULL, NULL),
(239, 9, 'Namtu', '', '1', NULL, NULL),
(240, 9, 'Nanhkan', '', '1', NULL, NULL),
(241, 9, 'Pangsang', '', '1', NULL, NULL),
(242, 9, 'Pangwaun', '', '1', NULL, NULL),
(243, 9, 'Tangyan', '', '1', NULL, NULL),
(244, 9, 'Hsihseng', '', '1', NULL, NULL),
(245, 9, 'Kunhing', '', '1', NULL, NULL),
(246, 9, 'Kyethi', '', '1', NULL, NULL),
(247, 9, 'Laihka', '', '1', NULL, NULL),
(248, 9, 'Langkho', '', '1', NULL, NULL),
(249, 9, 'Lawksawk', '', '1', NULL, NULL),
(250, 9, 'Mawkmai', '', '1', NULL, NULL),
(251, 9, 'Monghsu', '', '1', NULL, NULL),
(252, 9, 'Mongkaung', '', '1', NULL, NULL),
(253, 9, 'Mongnai', '', '1', NULL, NULL),
(254, 9, 'Mongpan', '', '1', NULL, NULL),
(255, 9, 'Nansang', '', '1', NULL, NULL),
(256, 9, 'Pekon', '', '1', NULL, NULL),
(257, 9, 'Ywangan', '', '1', NULL, NULL),
(258, 10, 'Hpa-An', '', '1', NULL, NULL),
(259, 10, 'Kawkareik', '', '1', NULL, NULL),
(260, 10, 'Myawaddy', '', '1', NULL, NULL),
(261, 10, 'Thandaung', '', '1', NULL, NULL),
(262, 10, 'Hlaingbwe', '', '1', NULL, NULL),
(263, 10, 'Hpapun', '', '1', NULL, NULL),
(264, 10, 'Kyain Seikgyi', '', '1', NULL, NULL),
(265, 11, 'Kyaikto', '', '1', NULL, NULL),
(266, 11, 'Mawlamyine', '', '1', NULL, NULL),
(267, 11, 'Thaton', '', '1', NULL, NULL),
(268, 11, 'Bilin', '', '1', NULL, NULL),
(269, 11, 'Chaungzon', '', '1', NULL, NULL),
(270, 11, 'Kyaikmaraw', '', '1', NULL, NULL),
(271, 11, 'Mudon', '', '1', NULL, NULL),
(272, 11, 'Paung', '', '1', NULL, NULL),
(273, 11, 'Thanbyuzayat', '', '1', NULL, NULL),
(274, 11, 'Ye', '', '1', NULL, NULL),
(275, 12, 'Sittwe', '', '1', NULL, NULL),
(276, 12, 'Thandwe', '', '1', NULL, NULL),
(277, 12, 'Toungup', '', '1', NULL, NULL),
(278, 12, 'Ann', '', '1', NULL, NULL),
(279, 12, 'Buthidaung', '', '1', NULL, NULL),
(280, 12, 'Gwa', '', '1', NULL, NULL),
(281, 12, 'Kyaukpyu', '', '1', NULL, NULL),
(282, 12, 'Kyauktaw', '', '1', NULL, NULL),
(283, 12, 'Maungdaw', '', '1', NULL, NULL),
(284, 12, 'Minbya', '', '1', NULL, NULL),
(285, 12, 'Mrauk-U', '', '1', NULL, NULL),
(286, 12, 'Munaung', '', '1', NULL, NULL),
(287, 12, 'Myebon', '', '1', NULL, NULL),
(288, 12, 'Pauktaw', '', '1', NULL, NULL),
(289, 12, 'Ponnagyun', '', '1', NULL, NULL),
(290, 12, 'Ramree', '', '1', NULL, NULL),
(291, 12, 'Rathedaung', '', '1', NULL, NULL),
(292, 13, 'Hakha', '', '1', NULL, NULL),
(293, 13, 'Mindat', '', '1', NULL, NULL),
(294, 13, 'Falam', '', '1', NULL, NULL),
(295, 13, 'Htantlang', '', '1', NULL, NULL),
(296, 13, 'Kanpetlet', '', '1', NULL, NULL),
(297, 13, 'Madupi', '', '1', NULL, NULL),
(298, 13, 'Paletwa', '', '1', NULL, NULL),
(299, 13, 'Tiddim', '', '1', NULL, NULL),
(300, 13, 'Tonzang', '', '1', NULL, NULL),
(301, 14, 'Myitkyina', '', '1', NULL, NULL),
(302, 14, 'Puta-O', '', '1', NULL, NULL),
(303, 14, 'Bhamo', '', '1', NULL, NULL),
(304, 14, 'Hpakan', '', '1', NULL, NULL),
(305, 14, 'Mogaung', '', '1', NULL, NULL),
(306, 14, 'Mohnyin', '', '1', NULL, NULL),
(307, 14, 'Momauk', '', '1', NULL, NULL),
(308, 14, 'Shwegu', '', '1', NULL, NULL),
(309, 14, 'Injangyang', '', '1', NULL, NULL),
(310, 14, 'Kawnglanghpu', '', '1', NULL, NULL),
(311, 14, 'Machanbaw', '', '1', NULL, NULL),
(312, 14, 'Mansi', '', '1', NULL, NULL),
(313, 14, 'Nogmung', '', '1', NULL, NULL),
(314, 14, 'Sumprabum', '', '1', NULL, NULL),
(315, 14, 'Tanai', '', '1', NULL, NULL),
(316, 14, 'Tsawlaw', '', '1', NULL, NULL),
(317, 14, 'Waingmaw', '', '1', NULL, NULL),
(318, 15, 'Loikaw', '', '1', NULL, NULL),
(319, 15, 'Bawlakhe', '', '1', NULL, NULL),
(320, 15, 'Demoso', '', '1', NULL, NULL),
(321, 15, 'Hpasawng', '', '1', NULL, NULL),
(322, 15, 'Hpruso', '', '1', NULL, NULL),
(323, 15, 'Mese', '', '1', NULL, NULL),
(324, 15, 'Shadaw', '', '1', NULL, NULL),
(325, 1, 'Thuwana', '', '1', NULL, NULL);

-- --------------------------------------------------------

--
-- Table structure for table `users`
--

CREATE TABLE `users` (
  `id` bigint(20) UNSIGNED NOT NULL,
  `name` varchar(255) COLLATE utf8mb4_unicode_ci NOT NULL,
  `email` varchar(255) COLLATE utf8mb4_unicode_ci NOT NULL,
  `email_verified_at` timestamp NULL DEFAULT NULL,
  `password` varchar(255) COLLATE utf8mb4_unicode_ci NOT NULL,
  `phone` text COLLATE utf8mb4_unicode_ci DEFAULT NULL,
  `address` text COLLATE utf8mb4_unicode_ci DEFAULT NULL,
  `join_date` text COLLATE utf8mb4_unicode_ci DEFAULT NULL,
  `remember_token` varchar(100) COLLATE utf8mb4_unicode_ci DEFAULT NULL,
  `created_at` timestamp NULL DEFAULT NULL,
  `updated_at` timestamp NULL DEFAULT NULL,
  `employee_id` text COLLATE utf8mb4_unicode_ci DEFAULT NULL,
  `nrc_number` text COLLATE utf8mb4_unicode_ci DEFAULT NULL,
  `gender` text COLLATE utf8mb4_unicode_ci DEFAULT NULL,
  `passport_photo` text COLLATE utf8mb4_unicode_ci DEFAULT NULL,
  `countrie_id` int(11) DEFAULT NULL
) ENGINE=InnoDB DEFAULT CHARSET=utf8mb4 COLLATE=utf8mb4_unicode_ci;

--
-- Dumping data for table `users`
--

INSERT INTO `users` (`id`, `name`, `email`, `email_verified_at`, `password`, `phone`, `address`, `join_date`, `remember_token`, `created_at`, `updated_at`, `employee_id`, `nrc_number`, `gender`, `passport_photo`, `countrie_id`) VALUES
(1, 'Admin', 'admin@gmail.com', NULL, '$2y$10$Le4a7vAtroc7NGRRAbESu.Tpuz2KF4e.CjYDmU3wiRNOtpCj/WiAG', '09444161997', 'Yangon', '2023-03-07 01:51 PM', NULL, '2023-01-29 22:34:39', '2023-04-22 23:25:04', 'EMP-00001', '1/abc(N)009221', 'male', NULL, 3),
(2, 'User', 'user@gmail.com', NULL, '$2y$10$.vQP72TfB9e6QdPF9e8ZruQ0S/QeFwRfiSEixisaYjQlRP1mK2R0u', '09123123123', 'Yangon', '2023-03-07 01:55 PM', NULL, '2023-01-30 10:16:30', '2023-04-22 23:26:34', 'EMP-00002', '1/abc(N)009112', 'male', 'public/images/DV75BxaQGxgaOpguuFdVlP7P7PBcOL4waEn3Vr2R.jpg', 1),
(3, 'Mg Mg', 'mgmg@gmail.com', NULL, '$2y$10$WsBifexGEuyuZiVkjAAKFet3bK261AM3h/azLzy34cRgOk/srYcbq', '0912312313', 'Yangon', '1.1.2022', NULL, '2023-01-30 10:19:28', '2023-04-22 23:26:37', 'EMP-00003', '1/abc(N)009112', 'male', 'public/images/XUOPxomMX70QtUoGfAEx8j2EyznKFYTqfWTUrLzr.jpg', 1),
(4, 'Mg Mg Soe', 'mgmgsoe@gmail.com', NULL, '$2y$10$c/mvJDBrG5tJ4cZ6l0plk.PULk9VW69iitQ11ncx5dgANFoIb2Ch2', '09123123122', '11223344', '2023-03-07 01:49 PM', NULL, '2023-03-07 00:50:16', '2023-04-22 23:26:41', 'U-000004', '1/abc(N)009221', 'male', '', 2),
(5, 'Mg Mg Soe', 'mgmgsoetoe@gmail.com', NULL, '$2y$10$Hx/EudpSzcS55YkEf60Bru1mcMTQwiUWMA4caWpfjeLZcj0bbLbRq', '09555161776', 'Yangon', '1.1.2023', NULL, '2023-04-22 22:38:36', '2023-04-22 23:26:47', 'U-000005', '3/abc(N)009221', 'female', 'public/images/K1oR5Zxwtbr9Gn8TY8C0RGBupK3Yhek36qXiUVMC.jpg', 3);

--
-- Indexes for dumped tables
--

--
-- Indexes for table `agent_lists`
--
ALTER TABLE `agent_lists`
  ADD PRIMARY KEY (`id`);

--
-- Indexes for table `authentication_log`
--
ALTER TABLE `authentication_log`
  ADD PRIMARY KEY (`id`),
  ADD KEY `authentication_log_authenticatable_type_authenticatable_id_index` (`authenticatable_type`,`authenticatable_id`);

--
-- Indexes for table `contracts`
--
ALTER TABLE `contracts`
  ADD PRIMARY KEY (`id`);

--
-- Indexes for table `countries`
--
ALTER TABLE `countries`
  ADD PRIMARY KEY (`id`);

--
-- Indexes for table `demands`
--
ALTER TABLE `demands`
  ADD PRIMARY KEY (`id`);

--
-- Indexes for table `failed_jobs`
--
ALTER TABLE `failed_jobs`
  ADD PRIMARY KEY (`id`),
  ADD UNIQUE KEY `failed_jobs_uuid_unique` (`uuid`);

--
-- Indexes for table `file_management`
--
ALTER TABLE `file_management`
  ADD PRIMARY KEY (`id`);

--
-- Indexes for table `hospitals`
--
ALTER TABLE `hospitals`
  ADD PRIMARY KEY (`id`);

--
-- Indexes for table `hospital_files`
--
ALTER TABLE `hospital_files`
  ADD PRIMARY KEY (`id`);

--
-- Indexes for table `interviews`
--
ALTER TABLE `interviews`
  ADD PRIMARY KEY (`id`);

--
-- Indexes for table `interview_labours`
--
ALTER TABLE `interview_labours`
  ADD PRIMARY KEY (`id`);

--
-- Indexes for table `labour_docs`
--
ALTER TABLE `labour_docs`
  ADD PRIMARY KEY (`id`);

--
-- Indexes for table `labour_management`
--
ALTER TABLE `labour_management`
  ADD PRIMARY KEY (`id`);

--
-- Indexes for table `medical_tests`
--
ALTER TABLE `medical_tests`
  ADD PRIMARY KEY (`id`);

--
-- Indexes for table `medical_test_temp_lists`
--
ALTER TABLE `medical_test_temp_lists`
  ADD PRIMARY KEY (`id`);

--
-- Indexes for table `members_lists`
--
ALTER TABLE `members_lists`
  ADD PRIMARY KEY (`id`);

--
-- Indexes for table `migrations`
--
ALTER TABLE `migrations`
  ADD PRIMARY KEY (`id`);

--
-- Indexes for table `model_has_permissions`
--
ALTER TABLE `model_has_permissions`
  ADD PRIMARY KEY (`permission_id`,`model_id`,`model_type`),
  ADD KEY `model_has_permissions_model_id_model_type_index` (`model_id`,`model_type`);

--
-- Indexes for table `model_has_roles`
--
ALTER TABLE `model_has_roles`
  ADD PRIMARY KEY (`role_id`,`model_id`,`model_type`),
  ADD KEY `model_has_roles_model_id_model_type_index` (`model_id`,`model_type`);

--
-- Indexes for table `nrcs`
--
ALTER TABLE `nrcs`
  ADD PRIMARY KEY (`id`);

--
-- Indexes for table `offices`
--
ALTER TABLE `offices`
  ADD PRIMARY KEY (`id`);

--
-- Indexes for table `overseas_agencies`
--
ALTER TABLE `overseas_agencies`
  ADD PRIMARY KEY (`id`);

--
-- Indexes for table `passports`
--
ALTER TABLE `passports`
  ADD PRIMARY KEY (`id`);

--
-- Indexes for table `passport_payments`
--
ALTER TABLE `passport_payments`
  ADD PRIMARY KEY (`id`);

--
-- Indexes for table `passport_payment_files`
--
ALTER TABLE `passport_payment_files`
  ADD PRIMARY KEY (`id`);

--
-- Indexes for table `password_resets`
--
ALTER TABLE `password_resets`
  ADD KEY `password_resets_email_index` (`email`);

--
-- Indexes for table `permissions`
--
ALTER TABLE `permissions`
  ADD PRIMARY KEY (`id`),
  ADD UNIQUE KEY `permissions_name_guard_name_unique` (`name`,`guard_name`);

--
-- Indexes for table `personal_access_tokens`
--
ALTER TABLE `personal_access_tokens`
  ADD PRIMARY KEY (`id`),
  ADD UNIQUE KEY `personal_access_tokens_token_unique` (`token`),
  ADD KEY `personal_access_tokens_tokenable_type_tokenable_id_index` (`tokenable_type`,`tokenable_id`);

--
-- Indexes for table `regions`
--
ALTER TABLE `regions`
  ADD PRIMARY KEY (`id`);

--
-- Indexes for table `roles`
--
ALTER TABLE `roles`
  ADD PRIMARY KEY (`id`),
  ADD UNIQUE KEY `roles_name_guard_name_unique` (`name`,`guard_name`);

--
-- Indexes for table `role_has_permissions`
--
ALTER TABLE `role_has_permissions`
  ADD PRIMARY KEY (`permission_id`,`role_id`),
  ADD KEY `role_has_permissions_role_id_foreign` (`role_id`);

--
-- Indexes for table `sendings`
--
ALTER TABLE `sendings`
  ADD PRIMARY KEY (`id`);

--
-- Indexes for table `townships`
--
ALTER TABLE `townships`
  ADD PRIMARY KEY (`id`);

--
-- Indexes for table `users`
--
ALTER TABLE `users`
  ADD PRIMARY KEY (`id`),
  ADD UNIQUE KEY `users_email_unique` (`email`);

--
-- AUTO_INCREMENT for dumped tables
--

--
-- AUTO_INCREMENT for table `agent_lists`
--
ALTER TABLE `agent_lists`
  MODIFY `id` int(10) UNSIGNED NOT NULL AUTO_INCREMENT, AUTO_INCREMENT=3;

--
-- AUTO_INCREMENT for table `authentication_log`
--
ALTER TABLE `authentication_log`
  MODIFY `id` bigint(20) UNSIGNED NOT NULL AUTO_INCREMENT, AUTO_INCREMENT=61;

--
-- AUTO_INCREMENT for table `contracts`
--
ALTER TABLE `contracts`
  MODIFY `id` int(10) UNSIGNED NOT NULL AUTO_INCREMENT;

--
-- AUTO_INCREMENT for table `countries`
--
ALTER TABLE `countries`
  MODIFY `id` int(10) UNSIGNED NOT NULL AUTO_INCREMENT, AUTO_INCREMENT=5;

--
-- AUTO_INCREMENT for table `demands`
--
ALTER TABLE `demands`
  MODIFY `id` int(10) UNSIGNED NOT NULL AUTO_INCREMENT, AUTO_INCREMENT=2;

--
-- AUTO_INCREMENT for table `failed_jobs`
--
ALTER TABLE `failed_jobs`
  MODIFY `id` bigint(20) UNSIGNED NOT NULL AUTO_INCREMENT;

--
-- AUTO_INCREMENT for table `file_management`
--
ALTER TABLE `file_management`
  MODIFY `id` int(10) UNSIGNED NOT NULL AUTO_INCREMENT;

--
-- AUTO_INCREMENT for table `hospitals`
--
ALTER TABLE `hospitals`
  MODIFY `id` int(10) UNSIGNED NOT NULL AUTO_INCREMENT, AUTO_INCREMENT=4;

--
-- AUTO_INCREMENT for table `hospital_files`
--
ALTER TABLE `hospital_files`
  MODIFY `id` int(10) UNSIGNED NOT NULL AUTO_INCREMENT;

--
-- AUTO_INCREMENT for table `interviews`
--
ALTER TABLE `interviews`
  MODIFY `id` int(10) UNSIGNED NOT NULL AUTO_INCREMENT;

--
-- AUTO_INCREMENT for table `interview_labours`
--
ALTER TABLE `interview_labours`
  MODIFY `id` int(10) UNSIGNED NOT NULL AUTO_INCREMENT;

--
-- AUTO_INCREMENT for table `labour_docs`
--
ALTER TABLE `labour_docs`
  MODIFY `id` int(10) UNSIGNED NOT NULL AUTO_INCREMENT;

--
-- AUTO_INCREMENT for table `labour_management`
--
ALTER TABLE `labour_management`
  MODIFY `id` bigint(20) UNSIGNED NOT NULL AUTO_INCREMENT;

--
-- AUTO_INCREMENT for table `medical_tests`
--
ALTER TABLE `medical_tests`
  MODIFY `id` int(10) UNSIGNED NOT NULL AUTO_INCREMENT;

--
-- AUTO_INCREMENT for table `medical_test_temp_lists`
--
ALTER TABLE `medical_test_temp_lists`
  MODIFY `id` int(10) UNSIGNED NOT NULL AUTO_INCREMENT;

--
-- AUTO_INCREMENT for table `members_lists`
--
ALTER TABLE `members_lists`
  MODIFY `id` int(10) UNSIGNED NOT NULL AUTO_INCREMENT;

--
-- AUTO_INCREMENT for table `migrations`
--
ALTER TABLE `migrations`
  MODIFY `id` int(10) UNSIGNED NOT NULL AUTO_INCREMENT, AUTO_INCREMENT=61;

--
-- AUTO_INCREMENT for table `nrcs`
--
ALTER TABLE `nrcs`
  MODIFY `id` int(10) UNSIGNED NOT NULL AUTO_INCREMENT, AUTO_INCREMENT=427;

--
-- AUTO_INCREMENT for table `offices`
--
ALTER TABLE `offices`
  MODIFY `id` bigint(20) UNSIGNED NOT NULL AUTO_INCREMENT, AUTO_INCREMENT=2;

--
-- AUTO_INCREMENT for table `overseas_agencies`
--
ALTER TABLE `overseas_agencies`
  MODIFY `id` int(11) NOT NULL AUTO_INCREMENT, AUTO_INCREMENT=4;

--
-- AUTO_INCREMENT for table `passports`
--
ALTER TABLE `passports`
  MODIFY `id` int(11) NOT NULL AUTO_INCREMENT, AUTO_INCREMENT=50;

--
-- AUTO_INCREMENT for table `passport_payments`
--
ALTER TABLE `passport_payments`
  MODIFY `id` int(10) UNSIGNED NOT NULL AUTO_INCREMENT, AUTO_INCREMENT=49;

--
-- AUTO_INCREMENT for table `passport_payment_files`
--
ALTER TABLE `passport_payment_files`
  MODIFY `id` int(10) UNSIGNED NOT NULL AUTO_INCREMENT;

--
-- AUTO_INCREMENT for table `permissions`
--
ALTER TABLE `permissions`
  MODIFY `id` bigint(20) UNSIGNED NOT NULL AUTO_INCREMENT, AUTO_INCREMENT=9;

--
-- AUTO_INCREMENT for table `personal_access_tokens`
--
ALTER TABLE `personal_access_tokens`
  MODIFY `id` bigint(20) UNSIGNED NOT NULL AUTO_INCREMENT;

--
-- AUTO_INCREMENT for table `regions`
--
ALTER TABLE `regions`
  MODIFY `id` int(10) UNSIGNED NOT NULL AUTO_INCREMENT, AUTO_INCREMENT=16;

--
-- AUTO_INCREMENT for table `roles`
--
ALTER TABLE `roles`
  MODIFY `id` bigint(20) UNSIGNED NOT NULL AUTO_INCREMENT, AUTO_INCREMENT=3;

--
-- AUTO_INCREMENT for table `sendings`
--
ALTER TABLE `sendings`
  MODIFY `id` int(10) UNSIGNED NOT NULL AUTO_INCREMENT;

--
-- AUTO_INCREMENT for table `townships`
--
ALTER TABLE `townships`
  MODIFY `id` int(10) UNSIGNED NOT NULL AUTO_INCREMENT, AUTO_INCREMENT=326;

--
-- AUTO_INCREMENT for table `users`
--
ALTER TABLE `users`
  MODIFY `id` bigint(20) UNSIGNED NOT NULL AUTO_INCREMENT, AUTO_INCREMENT=6;

--
-- Constraints for dumped tables
--

--
-- Constraints for table `model_has_permissions`
--
ALTER TABLE `model_has_permissions`
  ADD CONSTRAINT `model_has_permissions_permission_id_foreign` FOREIGN KEY (`permission_id`) REFERENCES `permissions` (`id`) ON DELETE CASCADE;

--
-- Constraints for table `model_has_roles`
--
ALTER TABLE `model_has_roles`
  ADD CONSTRAINT `model_has_roles_role_id_foreign` FOREIGN KEY (`role_id`) REFERENCES `roles` (`id`) ON DELETE CASCADE;

--
-- Constraints for table `role_has_permissions`
--
ALTER TABLE `role_has_permissions`
  ADD CONSTRAINT `role_has_permissions_permission_id_foreign` FOREIGN KEY (`permission_id`) REFERENCES `permissions` (`id`) ON DELETE CASCADE,
  ADD CONSTRAINT `role_has_permissions_role_id_foreign` FOREIGN KEY (`role_id`) REFERENCES `roles` (`id`) ON DELETE CASCADE;
COMMIT;

/*!40101 SET CHARACTER_SET_CLIENT=@OLD_CHARACTER_SET_CLIENT */;
/*!40101 SET CHARACTER_SET_RESULTS=@OLD_CHARACTER_SET_RESULTS */;
/*!40101 SET COLLATION_CONNECTION=@OLD_COLLATION_CONNECTION */;
